Año;Localidad;Descripción;Categoría;Fuente;Pag;
1854;Departamental;"Se establece la primera línea de transporte regular. Cita: ""...constituyó un verdadero signo de progreso la propuesta para establecer las Mensajerías Regulares Iniciadoras, emprendimiento impulsado 'por dos progresistas españoles, los señores Juan Rusiñol y Joaquín Fillol' (...) La primera línea establecida fue la de Rosario a Córdoba, ciudad a la que se llegaba luego de tres días de viaje (...) a través de un decreto del 8 de junio de 1854""";Huellas del transporte y las comunicaciones;Historia de Cañada de Gómez - Tomo 1. Desde los orígenes del desmochado abajo hasta el novecientos;72;
1854;Bustinza;Surgimiento de la primera empresa de mensajerías: Hito: Aparición de la primera empresa pública de carros para transporte de pasajeros y correspondencia.;Huellas del transporte y las comunicaciones;Bustinza y su historia;81;
1856;Bustinza;"Fundación de ""Mensajerías Argentinas"": Hito: Los señores Fillol y Rusiñol firman contrato con la Confederación para el servicio Rosario-Córdoba.";Huellas del transporte y las comunicaciones;Bustinza y su historia;81;
1857;Bustinza;"Introducción de los primeros Molinos de Viento: Hito: Timoteo Gordillo introduce tecnología eólica importada para el equipamiento de las postas del nuevo camino.
Cita: ""A comienzos de 1857 Gordillo emprende viaje a Estados Unidos de donde regresa con... diversos implementos para las postas y tres molinos de viento que son los primeros que se introdujeron en el país...""";Huellas de la energía;Bustinza y su historia;82;
1858;Departamental;"Inicio del proyecto de camino postal directo de Timoteo Gordillo.
Cita: ""...estableció sus servicios de Mensajerías Argentinas, en virtud de un decreto del gobierno de la Confederación Argentina del 5 de julio de ese año""";Huellas del transporte y las comunicaciones;Historia de Cañada de Gómez - Tomo 1. Desde los orígenes del desmochado abajo hasta el novecientos;105;"""Solicité del Congreso que me dieran gratis terrenos fiscales entre las Provincias de Santa Fe y Córdoba para hacer un camino postal directo que uniese a Rosario y Córdoba, con estaciones cómodas para los pasajeros de cuatro en cuatro leguas; hacer pozos y represas donde no hubiera agua, levantar fortines para la defensa contra los indios (...) Esto concedido, me puse inmediatamente a la obra, poblando los desiertos"""
1864;Departamental;"Ferrocarril Central Argentino (FCCA). Se registra el arribo de rieles y el avance del tendido.
Cita: ""En octubre de 1864 otro periódico rosarino, El Cosmopolita, informaba que seguían llegando materiales y elementos para el ferrocarril y que ya se habían colocado más de una milla de rieles..."".";Huellas del transporte y las comunicaciones;Historia de Cañada de Gómez - Tomo 1. Desde los orígenes del desmochado abajo hasta el novecientos;182;
1864;Bustinza;"Contrato de conservación del Camino Postal: Hito: Registro oficial del contrato para el mantenimiento de la ruta postal. Cita: ""En una Memoria del Ministerio del Interior del año 1864 figura un 'Contrato sobre conservación del Camino Postal del Norte entre Rosario y Córdoba' en donde se puede leer '... las postas de Totoras, Cañada Pareja, Tortugas, Espinillo, etc...'""";Huellas del transporte y las comunicaciones;Bustinza y su historia;83;
1865;Departamental;"Arribo de la locomotora ""Córdoba"" y cruce del río Carcarañá. ..el 18 de octubre de 1865 Wheelwright invitó a unas ochenta personas (...) a participar de un paseo durante el transcurso del cual el tren atravesó, por primera vez, la magnífica obra de ingeniería emplazada sobre el Carcarañá"". Cita (Locomotora): ""...setiembre del mismo año precisaba que la locomotora Córdoba, primera máquina del Central Argentino, a la que un cronista consideró como 'gigantesca, brillante, gallarda en sus apariencias; atrevida y serena en sus movimientos a pesar de su carga inmensa'..."". las obras incluyeron la construcción de un puente de hierro sobre el río Carcarañá en 1864, de ""180 pies de largo y 28 de alto"", diseñado por el ingeniero Allan Campbell.";Huellas del transporte y las comunicaciones;Historia de Cañada de Gómez - Tomo 1. Desde los orígenes del desmochado abajo hasta el novecientos;184-185;
1866;Cañada de Gómez;"Apertura de un nuevo camino hacia el norte y oeste.
Cita: ""...una nota publicada por Guillermo Perkins a inicios de 1866 (...) parece avalar las precisiones de este naturalista alemán, ya que puntualiza que los inmigrantes que poblasen los campos (...) gozarían de determinados beneficios y ventajas, lo que permite concluir también que el mismo no solo era 'más corto' sino que además se lo consideraba como a un 'nuevo camino' (...) abierto entre Santa Fe y Córdoba y Santiago""";Huellas del transporte y las comunicaciones;Historia de Cañada de Gómez - Tomo 1. Desde los orígenes del desmochado abajo hasta el novecientos;113;
1866;Cañada de Gómez;"Apertura de la línea entre Rosario y Tortugas, pasando por Cañada de Gómez.
Cita: ""Finalmente, el 1° de mayo de 1866 (...) la empresa del Central Argentino dispuso la habilitación de la línea entre Rosario y esa transitoria punta de rieles, que tuvo lugar el 1° de mayo de 1866, día en que el tren se detuvo además en las estaciones de Bernstadt-Roldán, Carcarañá y Cañada de Gómez..."".";Huellas del transporte y las comunicaciones;Historia de Cañada de Gómez - Tomo 1. Desde los orígenes del desmochado abajo hasta el novecientos;186;
1866;Bustinza;"1866 - Clausura de la Posta por la llegada del ferrocarril: Hito: La inauguración del tramo ferroviario Rosario-Cañada de Gómez desplaza a las diligencias y provoca el cierre de la posta. Cita: ""...se torna realidad por fin en 1866 en que se inaugura el tramo Rosario—Cañada de Gómez. El tren desplaza a las mensajerías y las diligencias 'Iniciadores'... La Posta de las Totoras entonces entorna sus puertas..."".";Huellas del transporte y las comunicaciones;Bustinza y su historia;89;
1870;Departamental;"El ferrocarril llega finalmente a la ciudad de Córdoba.
Cita: ""Finalmente, el 18 de mayo de 1870 una locomotora del Central Argentino completó la totalidad del camino de hierro entre Rosario y Córdoba"".";Huellas del transporte y las comunicaciones;Historia de Cañada de Gómez - Tomo 1. Desde los orígenes del desmochado abajo hasta el novecientos;353;
1876;Correa;"Bomba de agua para locomotoras (Tracción manual):
Hito: Existencia de una bomba de mano para el servicio de las locomotoras a vapor del ferrocarril.";Huellas del transporte y las comunicaciones;Correa, nuestro pueblo;11 y 12;
1879;Cañada de Gómez;"Correo y Telégrafo - Oficina. Creación formal de la oficina local.
Cita: ""...hasta que el 7 de mayo de 1879 se creó la oficina de Correos y Telégrafos, siendo designado como primer jefe Liborio Zeballos, quien permaneció al frente de la misma durante tres lustros""";Huellas del transporte y las comunicaciones;Historia de Cañada de Gómez - Tomo 1. Desde los orígenes del desmochado abajo hasta el novecientos;341;
1879;Totoras;"Organización de la Comisión Pro-Templo y Colegio: Este es el hito fundacional donde la comunidad se une para crear sus primeras instituciones.
Cita: ""...en algún momento del año 1879 organizaron la Comisión Pro-Templo y Colegio de Santa Teresa. La creación de la capilla y de la escuela fue la primera obra que unió a los habitantes en un proyecto en común, la primera ocasión que pensaron en función colectiva...""";Huellas de la infraestructura y las  instituciones;La construcción de un espacio Humano en Santa Teresa, Estación Totoras (1875 - 1914);56;
1881;Bustinza;"Funcionamiento del Molino de Piedra: Hito: Constatación de la operatividad del ""Molino de los Ángeles"" (también llamado tahona). Cita: ""Lo que sí se puede afirmar es que en 1881 todavía funcionaba, según nos aclara el informe del Inspector Agustín Aragón""";Huellas de la energía;Bustinza y su historia;71;
1882;Salto Grande;"""El primer cultivo del que se tenga memoria lo practicó Lorenzo Rovetto quien en el año 1882 sembró trigo, utilizando un arado mancera de una reja, tirado por bueyes... realiza las primeras siegas como en la época del neolítico, a golpes de hoz. Conducían lo cosechado en un cuero de caballo arrastrado por un buey... Allí realizaban la trilla, por medio de caballos que pisoteaban el grano en el suelo duro.""";Huellas del trabajo;Centenario de Salto Grande;23;
1882;Bustinza;"Capacidad del Molino a Tracción Animal: Hito: Informe técnico sobre el rendimiento del molino a mula en Bustinza. Cita: ""...en 1882 seguía funcionando de acuerdo a otro informe oficial, esta vez del Ingeniero Tomás Larguía, en donde se puede leer que Bustinza 'tiene un molino a mula, que ocupa 4 hombres y elabora 34 quintales en 24 horas'""";Huellas de la energía;Bustinza y su historia;71;
1884;Correa;"Creación de la primera Escuela Fiscal:
Hito: Inicio oficial de las actividades educativas en el pueblo.";Huellas de la infraestructura y las  instituciones;Correa, nuestro pueblo;29;
1885;Cañada de Gómez;"Organización del trazado urbano y arreglo de calles.
Cita: ""...una Comisión de Progreso Local de Cañada de Gómez (...) se constituyó con la presencia del jefe político, coronel Eugenio Oroño, el 14 de abril de 1885 (...) Las primeras preocupaciones de la misma estuvieron dirigidas a resolver temas de 'salubridad y obras que requiere la localidad', arreglo y limpieza de calles, delineación de terrenos para edificar, construcción de veredas y cercos""";Huellas del transporte y las comunicaciones;Historia de Cañada de Gómez - Tomo 1. Desde los orígenes del desmochado abajo hasta el novecientos;348;
1887;Totoras;"Fundación de la Sociedad Italiana:
Hito: Creación de la Sociedad Italiana de Socorros Mutuos ""Unione y Benevolenza"" de Totoras.";Huellas de la identidad y la celebración;Historia de un pueblo santafesino en los años de entreguerras. Totoras (1914 - 1943);202;
1887;Totoras;"Proyecto de Tranway a vapor y sangre: Se buscaba unir las colonias con el puerto mediante un sistema mixto de tracción.
Hito: ""El 4 de setiembre de 1887 el gobierno provincial autoriza a los señores Marcos Bustamante y Cía. para construir y explotar una vía de tranway, a sangre y vapor que partiendo del puerto de San Martín prosiguiera por los caminos reales... llegando a la estación Serodino y las colonias Santa Teresa, Larguía y San Genaro...""";Huellas del transporte y las comunicaciones;La construcción de un espacio Humano en Santa Teresa, Estación Totoras (1875 - 1914);179;
1888;Cañada de Gómez;"Reparación de caminos rurales específicos.
Cita: ""En 1888 la Comuna contrató la reparación del camino que dividía las propiedades de Dickinson y Videla, al noroeste del pueblo""";Huellas del transporte y las comunicaciones;Historia de Cañada de Gómez - Tomo 1. Desde los orígenes del desmochado abajo hasta el novecientos;358;
1890;Correa;"Celebraciones del Carnaval:
Hito: Festejos populares con murgas y disfraces en las calles del pueblo.";Huellas de la identidad y la celebración;Correa, nuestro pueblo;11;
1893;Correa;"Máquinas trilladoras a vapor:
Hito: Uso intensivo de maquinaria agrícola a vapor y accidentes por explosión de calderas.";Huellas de la energía;Correa, nuestro pueblo;18;
1893;Correa;"Conflicto fiscal: El ""Impuesto al cereal"": Primera gran protesta de los productores locales contra la presión impositiva.";Huellas del trabajo;Correa, nuestro pueblo;19;
1894;Salto Grande;"Adquisición de Trilladoras a Vapor: Incorporación de maquinaria pesada importada.
Cita: ""En el año 1894, Domingo y Antonio Rasetto adquirieron su primera trilladora. Se trataba de enormes máquinas movidas a vapor que utilizaban paja como combustible. Para transportarlas se necesitaban hasta 70 bueyes; y de 20 a 35 hombres eran requeridos para manejarlas.""";Huellas de la energía;Centenario de Salto Grande;24;
1894;Salto Grande;"""El 9 de agosto de 1894 comenzó a funcionar la primera escuela fiscal, dirigida por el señor Carmelo Zapata.""";Huellas de la infraestructura y las  instituciones;Centenario de Salto Grande;31, 90;
1896;Correa;1896 - Protección de la producción: Lucha contra la langosta: Organización comunitaria ante plagas que amenazaban el trabajo agrícola.;Huellas del trabajo;Correa, nuestro pueblo;23;
1899;Cañada de Gómez;"Colocación de la piedra fundamental del Colegio San Antonio de Padua.
Cita: ""...las Hermanas de San Antonio de Padua lograron concluir el edificio de su colegio, cuya piedra fundamental se había colocado en junio de 1899""";Huellas de la infraestructura y las  instituciones;Historia de Cañada de Gómez - Tomo 1. Desde los orígenes del desmochado abajo hasta el novecientos;104;
1900;Cañada de Gómez;"Celebración del Carnaval.
Cita: ""...en la noche del último domingo de carnaval de 1900..."".
";Huellas de la identidad y la celebración;Historia de Cañada de Gómez - Tomo 2. Entre el novecientos y 1950. El año del libertador;29;
1902;Correa;"Inauguración de la Iglesia:
Hito: Consagración del templo parroquial con festejos populares y un bazar a beneficio.
Cita: ""Amaneció por fin el 9 de noviembre entre un estrépito de bombas. Todo el pueblo estaba profusamente embanderado... A las 14,30 hs. llegó el tren especial trayendo más de cien personas... se dirigieron al sitio de la ceremonia... actuando como padrinos los Sres. Octavio Grandoli, Luis Lamas, José Correa y Rudecindo Freyre...""";Huellas de la infraestructura y las  instituciones;Correa, nuestro pueblo;26 y 46;
1902;Totoras;"Fundación de la Sociedad Española:
Hito: Nacimiento de la segunda gran institución de base étnica del pueblo.";Huellas de la identidad y la celebración;Historia de un pueblo santafesino en los años de entreguerras. Totoras (1914 - 1943);202;
1903;Totoras;"Alumbrado a Kerosene: Primera infraestructura de iluminación urbana.
Hito: ""En la sesión del 15 de agosto de 1903... se decidió establecer el servicio de alumbrado público... Ese primer alumbrado era a kerosene y su mantenimiento fue solventado con el cobro de un impuesto";Huellas de la energía;La construcción de un espacio Humano en Santa Teresa, Estación Totoras (1875 - 1914);90;
1904;Totoras;"El 17 de agosto de 1904 se aprueban los estatutos de otra institución con sede en Santa Teresa... la Sociedad Rural de Santa Teresa (Totoras).""";Huellas de la infraestructura y las  instituciones;La construcción de un espacio Humano en Santa Teresa, Estación Totoras (1875 - 1914);173;
1905;Cañada de Gómez;"Constitución de la sociedad escolar suiza y alemana, que llegó a poseer edificio propio.
Cita: ""...suizos y alemanes de Cañada de Gómez habían constituido, el 25 de julio de 1905, una sociedad escolar a la que denominaron Deutches Schulvereins, que llegó a tener edificio propio...""";Huellas de la infraestructura y las  instituciones;Historia de Cañada de Gómez - Tomo 2. Entre el novecientos y 1950. El año del libertador;103;
1906;Correa;"Fundación de la Sociedad Italiana de Socorros Mutuos:
Hito: Creación de la primera institución social y prestadora de servicios del pueblo, precursora de la actividad de clubes.";Huellas de la infraestructura y las  instituciones;Correa, nuestro pueblo;79;
1906;Correa;Previsión social para el trabajador: Fundación de la Sociedad Italiana para proteger a los socios ante contingencias laborales.;Huellas del trabajo;Correa, nuestro pueblo;80;
1907;Correa;"Los ""Buenos Carnavales"":
Hito: Edición histórica del carnaval con un corso de más de 50 carruajes.
Cita: ""Sucedió un luminoso domingo del mes de febrero del año 1907... detras seguía una imponente caravana de más de 50 carruajes adornados con todo gusto y en el que exhibían gracias y donaire la juventud de correa...""";Huellas de la identidad y la celebración;Correa, nuestro pueblo;102, 103;
1907;Salto Grande;"Inauguración del Templo Parroquial:
Hito: Apertura de la Parroquia Natividad de la Santísima Virgen.";Huellas de la identidad y la celebración;Centenario de Salto Grande;83;
1907;Totoras;"Impuesto a los motores a vapor (Trilladoras y Desgranadoras): El uso de estas máquinas era tan intenso que dañaba la infraestructura vial, lo que llevó a proponer gravámenes específicos.
Hito: ""En agosto de 1907... los Comisionados comunales... reclamaban al gobierno provincial... la creación de un nuevo impuesto comunal: '...siendo notorio el perjuicio y destrucción que producen en los caminos los motores a vapor de máquinas trilladoras y desgranadoras... se resuelve: dirigir al superior gobierno solicitud proponiendo la creación de un impuesto de $ 20 anuales en los motores a vapor de máquinas trilladoras y desgranadoras...'""";Huellas de la energía;La construcción de un espacio Humano en Santa Teresa, Estación Totoras (1875 - 1914);79;
1907;Totoras;"Producción Harinera Industrial - Molino «La Estrella de Roma»:
Hito: ""Los agricultores no sólo encontraron en Santa Teresa un centro financiero... también disponían de un establecimiento donde elaborar su producción: el molino harinero «La Estrella de Roma» del señor Marcos Borgatta, capaz de producir diariamente 100 bolsas de 90 kilos de harina""";Huellas del trabajo;La construcción de un espacio Humano en Santa Teresa, Estación Totoras (1875 - 1914);171;
1908;Cañada de Gómez;Apertura de la Escuela Sarmiento e inicio de labor de la Escuela Elemental N° 491;Huellas de la infraestructura y las  instituciones;Historia de Cañada de Gómez - Tomo 2. Entre el novecientos y 1950. El año del libertador;18 y 109;
1908;Cañada de Gómez;"Incendio y lucha de la firma Mau, Buchmann y Cía.
Cita: ""El día 24 del mes pasado se ha producido en el pueblo C. de Gómez en la casa de negocio de los Sres. Mau, Buchmann y Cía. un gran incendio... años de verdadera lucha para los señores Mau Buchmann y á abatir en ellos igual tiempo de legítimas esperanzas; pués los señores citados habían empezado á trabajar...""";Huellas del trabajo;Historia de Cañada de Gómez - Tomo 2. Entre el novecientos y 1950. El año del libertador;16 y 17;
1908;Correa;"Inauguración de la Sociedad Italiana:
Hito: Apertura de la primera sede social propia del pueblo.";Huellas de la infraestructura y las  instituciones;Correa, nuestro pueblo;42, 82;
1908;Totoras;"Transición a Acetileno o Carburo: Intento de modernización del alumbrado. Hito: ""...el 9 de agosto de 1908 se llamó a licitación para construir un nuevo alumbrado a kerosene, acetileno o carburo. Meses más tarde se solicita autorización al gobierno provincial para contraer un empréstito público de $ 1.500 destinado a la renovación del alumbrado público""";Huellas de la energía;La construcción de un espacio Humano en Santa Teresa, Estación Totoras (1875 - 1914);90;
1909;Cañada de Gómez;A inicios del siglo XX el pueblo tenía un aspecto agreste donde «Faroles a kerosene alumbraban las calles sombreadas... todas las tardes con su escalera el farolero orgulloso encendía» En 1909 Durante la gestión de Servando Martínez se destaca «la colocación de «lámparas sistema alcohol» en 1909»;Huellas de la energía;Historia de Cañada de Gómez - Tomo 2. Entre el novecientos y 1950. El año del libertador;12-13 y 36-37;
1909;Correa;"Establecimiento de la Estafeta Postal: Ante el desarrollo del pueblo, se gestionó y concretó la creación de una estafeta para el servicio de correspondencia.
Cita: ""Por esos mismos días se inicia un movimiento de opinión para gestionar ante la Dirección de Correos y Telégrafos el establecimiento de una estafeta postal, por así exigirlo ya el desarrollo alcanzado por el pueblo. Algunos meses más tarde se concretaba la feliz iniciativa.""";Huellas del transporte y las comunicaciones;Correa, nuestro pueblo;85;
1909;Correa;"Pico de demanda laboral en cosecha: La magnitud de la actividad productiva alcanza niveles récord de contratación.
Hito: Empleo masivo de más de 500 personas para la cosecha de maíz.";Huellas del trabajo;Correa, nuestro pueblo;85;
1909;Lucio V. López;"""El primer servicio eléctrico se inauguró el 25 de mayo de 1909, cuando se instaló el alumbrado en la casa de Doña Gregoria Córdoba de Blotta en Lucio V. López. Se utilizó un pequeño dínamo de 2 Kw. y 110 volts, impulsado por las turbinas hidráulicas del molino harinero.""";Huellas de la energía;Historia de Cañada de Gómez - Tomo 2. Entre el novecientos y 1950. El año del libertador;132;
1910;Cañada de Gómez;Ensanche de Calles: Se menciona el «ensanche de calle Vieytes en 1910, que pudo ser convertida en boulevard Centenario» gracias a un error de medición de terrenos;Huellas del transporte y las comunicaciones;Historia de Cañada de Gómez - Tomo 2. Entre el novecientos y 1950. El año del libertador;12-13;
1910;Correa;"Primer Alumbrado Público (Sistema ""Auto-luz""):
Hito: Instalación de las primeras nueve columnas de alumbrado público en el centro del pueblo.";Huellas de la energía;Correa, nuestro pueblo;88, 89 ;
1910;Departamental;"xtensión de la red eléctrica a Totoras:
Hito: Creación de la empresa comercial y tendido de redes de media tensión.
Cita: ""Ese mismo año, 1910, se constituye la empresa comercial que extendió la distribución de energía eléctrica a Salto Grande, y en años sucesivos a Totoras, Serodino y Clarke, mediante una red trifásica de 4300 Volts...""";Huellas de la energía;Historia de un pueblo santafesino en los años de entreguerras. Totoras (1914 - 1943);132;
1910;Salto Grande;"Centro Recreativo ""Unión y Armonía"":
Hito: Primera referencia institucional a un centro de recreación.";Huellas de la infraestructura y las  instituciones;Centenario de Salto Grande;79, 80;
1910;Totoras;"Llegada de la Energía Eléctrica: Salto tecnológico definitivo para el pueblo. Hito: ""La iniciativa no se concretó porque al año siguiente llegó la energía eléctrica a Totoras. El 4 de febrero de 1910 la Comisión de Fomento arribó a un acuerdo con don Pedro Rozie... Las instalaciones se inauguraron a comienzos de 1911...""";Huellas de la energía;La construcción de un espacio Humano en Santa Teresa, Estación Totoras (1875 - 1914);90;
1910;Bustinza;Fundación del Club Atlético Bustinza: Hito: Creación del primer club de la localidad.;Huellas de la infraestructura y las  instituciones;Bustinza y su historia;29;
1910;Bustinza;"Primeras Romerías Populares: Celebraciones de la colectividad hispana.
Hito: Realización de festejos tradicionales españoles.";Huellas de la identidad y la celebración;Bustinza y su historia;40;
1911;Cañada de Gómez;Primeras Obras de Agua: Se inició la tarea de «perforar pozos, instalar tanques y tomas de agua y dotar a la Comuna de los primeros carros regadores»;Huellas de la infraestructura y las  instituciones;Historia de Cañada de Gómez - Tomo 2. Entre el novecientos y 1950. El año del libertador;36-37;
1911;Cañada de Gómez;Inauguración del servicio telefónico. Durante la gestión de José Razetto, se concretó la llegada de este servicio.;Huellas del transporte y las comunicaciones;Historia de Cañada de Gómez - Tomo 2. Entre el novecientos y 1950. El año del libertador;37;
1911;Cañada de Gómez;"Inauguración del Teatro Sociedad Española.
Cita: ""...concibieron el proyecto de levantar el Teatro Sociedad Española, inaugurado el 30 de septiembre de 1911 con un «Vermouth de Honor para toda la concurrencia»""";Huellas de la infraestructura y las  instituciones;Historia de Cañada de Gómez - Tomo 2. Entre el novecientos y 1950. El año del libertador;270;
1911;Correa;"Creación de la Oficina de Correos y Telégrafos local: La antigua estafeta resultó insuficiente y se logró elevar su categoría a oficina, con la llegada del primer jefe en julio de ese año.
Cita: ""También este año nos ofrece una novedad interesante al par que un nuevo jalón de progreso... Ya hemos visto cómo se instaló la primera Estación postal, en 1909. Ente servicio fundamental e imprescindible en la vida de todo pueblo organizado resultó insuficiente... El 20 de mayo se realiza una reunión de vecinos importantes... se dirigen a las autoridades respectivas con un extenso memorial fundamentando el pedido. El trámite tiene resolución favorable y al mes siguiente llega la comunicación... lo que tiene lugar a principios de julio con la llegada del primer Jefe.""";Huellas del transporte y las comunicaciones;Correa, nuestro pueblo;90, 91;
1911;Totoras;"Creación de la Oficina de Correos y Telecomunicaciones: En este año se formaliza la oficina que reemplaza a la antigua estafeta postal. Cita: ""Desde fines de la etapa anterior, año 1911, la localidad contaba con una oficina de Correos y Telecomunicaciones, que reemplazó a la modesta estafeta postal que funcionaba desde los primeros años de vida del pueblo"". ""El Correo se inauguró el 26 de abril de 1911 en un edificio de la calle Moreno al 939.
";Huellas del transporte y las comunicaciones;Historia de un pueblo santafesino en los años de entreguerras. Totoras (1914 - 1943);54 - 159;
1911;Totoras;"Funcionamiento del Colegio San José:
Hito: Inicio de la educación privada religiosa por parte de las Hermanas Franciscanas de Calais.";Huellas de la infraestructura y las  instituciones;Historia de un pueblo santafesino en los años de entreguerras. Totoras (1914 - 1943);225, 227;
1912;Cañada de Gómez;Inauguración del Servicio Eléctrico: Un hito fundamental fue «dotar al pueblo de servicio eléctrico, inaugurado el 15 de marzo de 1912». La primera usina contaba con «generadores de corriente continua Siemens Schuckert de 130 kw y 2 x 235 voltios» que alimentaban una red de arcos voltaicos;Huellas de la energía;Historia de Cañada de Gómez - Tomo 2. Entre el novecientos y 1950. El año del libertador;36-37;
1912;Cañada de Gómez;"Primera gran huelga ferroviaria.
Cita: ""...el 6 de enero siguiente estalló la primera gran huelga ferroviaria del país, que duró cincuenta y seis días; y que era evidente que en La Fraternidad «las resoluciones las toman las asambleas de socios, o sea sus bases y no sus dirigentes»"".";Huellas del trabajo;Historia de Cañada de Gómez - Tomo 2. Entre el novecientos y 1950. El año del libertador;139;
1912;Cañada de Gómez;"Adhesión al ""Grito de Alcorta"" (Huelga Agraria).
Cita: ""...los agricultores de su pueblo declararon la huelga el 25 de junio de 1912. El comerciante Ángel Bujarrabal y varios campesinos... se pusieron al frente de la protesta campesina..."".";Huellas del trabajo;Historia de Cañada de Gómez - Tomo 2. Entre el novecientos y 1950. El año del libertador;144;
1912;Correa;"El gran conflicto laboral: La Huelga de Agricultores: Repercusión local del ""Grito de Alcorta"".
Hito: Los colonos arrendatarios se declaran en huelga exigiendo una ""reconsideración equitativa"" de los contratos de alquiler de tierras.";Huellas del trabajo;Correa, nuestro pueblo;93, 94;
1912;Salto Grande;"Creación de la filial de la Federación Agraria Argentina:
Hito: Organización gremial de los chacareros locales para defender sus intereses productivos.
Cita: ""Uno de los saldos perdurables del Grito de Alcorta fue la creación de la Federación Agraria Argentina... se había integrado la Comisión Directiva de la filial Salto Grande de la Federación Agraria.""";Huellas del trabajo;Centenario de Salto Grande;44;
1912;Totoras;"Fundación del Club Atlético Belgrano:
Hito: Nacimiento de una de las instituciones deportivas pioneras que luego se fusionaría para formar el Unión F.C.
Cita: ""El Club Atlético Belgrano fue fundado el 16 de junio de 1912 y fueron sus más entusiastas propulsores y sostenedores Osvaldo Martini y Ramón Ibarra...""
";Huellas de la infraestructura y las  instituciones;Historia de un pueblo santafesino en los años de entreguerras. Totoras (1914 - 1943);178;
1912;Totoras;"Repercusiones del ""Grito de Alcorta"": El movimiento de protesta rural llegó a Totoras con una asamblea masiva de colonos arrendatarios. Cita: ""Con asistencia de más de 300 colonos y algún dueño de campo, se realizó ayer en ésta (en Totoras) una asamblea con motivo de solicitar rebajas en los contratos de arrendamientos...""";Huellas del trabajo;Historia de un pueblo santafesino en los años de entreguerras. Totoras (1914 - 1943);99, 101;
1912;Bustinza;"Llegada del Teléfono: Hito: Instalación del servicio telefónico y su posterior administración familiar.
Cita: ""La casa de la 'Telefónica'... el teléfono al pueblo, en 1912, su atención pasa a manos de don Merardo y ya nunca salió de la familia... ha conseguido, un tablero de teléfonos que durante muchísimos años funcionó en esta casa y que ya había sido retirado y archivado.""";Huellas del transporte y las comunicaciones;Bustinza y su historia;28;
1912;Bustinza;Fundación del Club Atlético General Lavalle: Hito: Segunda institución deportiva de importancia en los orígenes del pueblo.;Huellas de la infraestructura y las  instituciones;Bustinza y su historia;29;
1912;Bustinza;"Avance en servicios: La Telefonía: Hito: Introducción de un nuevo sector laboral vinculado a las comunicaciones y la administración de redes. Cita: ""...el teléfono al pueblo, en 1912, su atención pasa a manos de don Merardo y ya nunca salió de la familia... ha conseguido, un tablero de teléfonos que durante muchísimos años funcionó en esta casa..."".
";Huellas del transporte y las comunicaciones;Bustinza y su historia;28;
1913;Cañada de Gómez;"Primer gran accidente industrial.
Cita: ""...el primer gran accidente industrial de la historia de Cañada, que se registró el 29 de setiembre de 1913 en la Curtiembre Beltrame, donde la explosión de su caldera... produjo la muerte de seis obreros...""";Huellas del trabajo;Historia de Cañada de Gómez - Tomo 2. Entre el novecientos y 1950. El año del libertador;41;
1913;Correa;"Primera Carrera Automovilística:
Hito: Paso por el pueblo del ""Gran Premio"" de automovilismo y motociclismo.";Huellas de la identidad y la celebración;Correa, nuestro pueblo;106;
1913;Totoras;"nauguración de la sede de la Sociedad Italiana:
Hito: Construcción de un edificio clave para la vida social y cultural de la colectividad.
Cita: ""Inauguración nueva sede social de la Sociedad Italiana. Año 1913.""";Huellas de la infraestructura y las  instituciones;Historia de un pueblo santafesino en los años de entreguerras. Totoras (1914 - 1943);212, 213;
1913;Totoras;"Primeras Elecciones Democráticas:
Hito: Evento histórico donde la población pudo elegir por primera vez a sus representantes comunales.
Cita: ""Esas primeras elecciones se realizan al final del período que analizamos, un 25 de diciembre de 1913... la Liga del Sur se impuso a la unión de los otros partidos...""";Huellas de la infraestructura y las  instituciones;La construcción de un espacio Humano en Santa Teresa, Estación Totoras (1875 - 1914);;
1914;Salto Grande;"""Otro establecimiento particular era el Colegio San Martín, de Corina A. de Alemano que funcionaba en el pueblo desde 1914.""";Huellas de la infraestructura y las  instituciones;Centenario de Salto Grande;91;
1914;Salto Grande;"Fundación de la Sociedad Italiana:
Hito: Creación de la entidad de socorros mutuos.";Huellas de la infraestructura y las  instituciones;Centenario de Salto Grande;77;
1914;Salto Grande;"Fundación del Club Atlético Provincial (C.A.P.):
Hito: Nacimiento de la principal institución deportiva local.";Huellas de la infraestructura y las  instituciones;Centenario de Salto Grande;80;
1915;Cañada de Gómez;Primer Automóvil: Aparece en el pueblo el primer auto, apodado «El colibrí», seguido luego por el ómnibus de Alberdi;Huellas del transporte y las comunicaciones;Historia de Cañada de Gómez - Tomo 2. Entre el novecientos y 1950. El año del libertador;48-49;
1915;Cañada de Gómez;"Comienzo de funcionamiento de una escuela dirigida por Clara Carignano de Martínez Pombo.
Cita: ""...el 13 de abril de 1915 comenzó a funcionar una humilde escuela cuya directora, Clara Carignano de Martínez Pombo... fue una de las figuras señeras de la escuela pública cañadense""";Huellas de la infraestructura y las  instituciones;Historia de Cañada de Gómez - Tomo 2. Entre el novecientos y 1950. El año del libertador;111;
1915;Cañada de Gómez;"Constatación de explotación de trabajo infantil.
Cita: ""...duro trabajo de menores que había constatado hacia 1904... «Entrar en un taller en Cañada de Gómez... es ver una cantidad de aprendices de dieciséis a veinte años que son sus verdaderos oficiales, aprendices son por el sueldo...»";Huellas del trabajo;Historia de Cañada de Gómez - Tomo 2. Entre el novecientos y 1950. El año del libertador;42;
1916;Cañada de Gómez;"Formación del colegio religioso para varones San Luis Gonzaga en el edificio parroquial.
Cita: ""...había formado en 1916 otro colegio religioso, para varones, al que dio el nombre de San Luis Gonzaga, cuyas clases se impartían en el propio edificio parroquial...""";Huellas de la infraestructura y las  instituciones;Historia de Cañada de Gómez - Tomo 2. Entre el novecientos y 1950. El año del libertador;106;
1917;Cañada de Gómez;"Crisis Energética y Locomotoras a Maíz: Debido a la Primera Guerra Mundial y la falta de carbón europeo, «hubo que quemar maíz para alimentarlas [las locomotoras]»
";Huellas de la energía;Historia de Cañada de Gómez - Tomo 2. Entre el novecientos y 1950. El año del libertador;50-51;
1917;Cañada de Gómez;Ocupación de local por el Correo. Se menciona que el edificio de la calle Lavalle 1058, que pertenecía a una escuela, fue ocupado posteriormente por la oficina postal.;Huellas del transporte y las comunicaciones;Historia de Cañada de Gómez - Tomo 2. Entre el novecientos y 1950. El año del libertador;109;
1917;Correa;"Club A. San Martín:
Hito: Referencia gráfica a la fundación de este club, hoy desaparecido.";Huellas de la infraestructura y las  instituciones;Correa, nuestro pueblo;110;
1917;Totoras;"Surgimiento del sindicalismo de cosecha: La normalización de la producción tras la guerra generó escasez de brazos y el surgimiento de gremios radicalizados. Cita: ""...esos gremios fueron captados por delegados gremiales anarcocomunistas... se creó entonces la Federación Comarcal Totorense...""
";Huellas del trabajo;Historia de un pueblo santafesino en los años de entreguerras. Totoras (1914 - 1943);88;
1918;Totoras;"Incorporación del Tractor (Modelo Fordson):
Hito: Transición de la tracción a sangre a la mecanización con motores de combustión interna para la siembra.
Cita: ""Tractor Fordson de Emilio Rigat. Año 1918. Las labores de siembra requerían muy poca fuerza de trabajo, una persona en monótonos viajes de ida y vuelta araba la superficie seleccionada.""";Huellas de la energía;Historia de un pueblo santafesino en los años de entreguerras. Totoras (1914 - 1943);26;
1919;Cañada de Gómez;"Inicio de la Escuela N° 494 Almafuerte en el barrio Sur.
Cita: ""El 1° de agosto de 1919 se inicia en el barrio Sur de Cañada de Gómez... la creación de la Escuela N° 494 Almafuerte...""
";;Historia de Cañada de Gómez - Tomo 2. Entre el novecientos y 1950. El año del libertador;113;
1919;Cañada de Gómez;"Repercusión de la ""Semana Roja"" o ""Semana Trágica"".
Cita: ""¿Quién olvidó la trágica Semana Roja, aquella que en el fin del diez y ocho y al principio del año diez y nueve al país íntegramente trastornó... la vez que los huelguistas, bien unidos, contra el ejército firme pelearon...""";Huellas del trabajo;Historia de Cañada de Gómez - Tomo 2. Entre el novecientos y 1950. El año del libertador;148;
1919;Totoras;"Fundación de la Cooperativa Agrícola: Creación de la Unión Agrícola Ganadera para defender a los pequeños productores. Cita: ""...se crea la 'Unión Agrícola Ganadera de Totoras', que posiblemente haya sido la institución original, de donde surgió en los años veinte la Cooperativa Agrícola Santa Teresa""";Huellas del trabajo;Historia de un pueblo santafesino en los años de entreguerras. Totoras (1914 - 1943);41;
1919;Totoras;"Huelga de Estibadores: Gran conflicto laboral que se propagó por toda la región. Cita: ""...comenzó una huelga organizada por los estibadores de Totoras, Larguía y Puerto San Martín que se propagó posteriormente a Serodino, Clarke, Oliveros, Monje, Maciel y entre los trabajadores de la industria del papel de Andino""";Huellas del trabajo;Historia de un pueblo santafesino en los años de entreguerras. Totoras (1914 - 1943);89;
1920;Departamental;"""Durante los años veinte adquirió gran difusión el automóvil y aparecieron en las rutas de Salto Grande los primeros camiones.""";Huellas del transporte y las comunicaciones;Centenario de Salto Grande;27;
1920;Totoras;"Inauguración de la Biblioteca Popular Sarmiento:
Hito: Apertura de la biblioteca como un proyecto cultural de ideología progresista.";Huellas de la infraestructura y las  instituciones;Historia de un pueblo santafesino en los años de entreguerras. Totoras (1914 - 1943);162;
1921;Cañada de Gómez;"Romerías Españolas.
Cita: ""...los tradicionales festejos del 12 de Octubre se iniciaban a la salida del sol con «gaitas y tamboriles» que recorrían las calles «ejecutando hermosas alboradas»"".";Huellas de la identidad y la celebración;Historia de Cañada de Gómez - Tomo 2. Entre el novecientos y 1950. El año del libertador;271;
1921;Cañada de Gómez;"Huelga del Magisterio.
Cita: ""...el Eco de Iriondo aludió a la «Declaración de huelga de el Magisterio»... que se había iniciado el día 15 del mismo mes, subrayando el «entusiasmo y decisión de la docencia santafesina»...""";Huellas del trabajo;Historia de Cañada de Gómez - Tomo 2. Entre el novecientos y 1950. El año del libertador;151;
1921;Cañada de Gómez;"Fundación de la Cooperativa Ganadera.
Cita: ""En ese año se había fundado asimismo la Cooperativa Ganadera... que debió ser la primera entidad de esa índole conformada en él...""";Huellas del trabajo;Historia de Cañada de Gómez - Tomo 2. Entre el novecientos y 1950. El año del libertador;74;
1921;Totoras;"Fundación del Unión Football Club (U.F.C.):
Hito: Fusión de los clubes Belgrano y Totoras para consolidar la actividad deportiva local.";Huellas de la infraestructura y las  instituciones;Historia de un pueblo santafesino en los años de entreguerras. Totoras (1914 - 1943);178, 179;
1921;Bustinza;"Círculo Recreativo ""20 de Setiembre"":
Hito: Existencia de una entidad social vinculada a la colectividad italiana.";Huellas de la infraestructura y las  instituciones;Bustinza y su historia;29;
1922;Cañada de Gómez;"Proclamación de Cañada de Gómez como ciudad.
Cita: ""El día 6 de octubre de 1922... dio la noticia oficial haciendo saber que por decreto del P.E. se había declarado feriado en esta localidad el día siete siguiente con motivo de la declaratoria de Ciudad"".";Huellas de la identidad y la celebración;Historia de Cañada de Gómez - Tomo 2. Entre el novecientos y 1950. El año del libertador;27, 72;
1923;Salto Grande;"""...inauguración de la Escuela Primaria Nacional Nº 129 en la Colonia El carmen, el día 23 de mayo de 1923.""";Huellas de la infraestructura y las  instituciones;Centenario de Salto Grande;91;
1924;Totoras;"Instalación de Surtidores de Nafta:
Hito: Aparición de infraestructura urbana para el abastecimiento de combustibles debido al auge automotor.
Cita: ""...a partir de 1924 los libros de actas comunales nos informan sobre numerosos pedidos de autorización para instalar surtidores de nafta.""";Huellas de la energía;Historia de un pueblo santafesino en los años de entreguerras. Totoras (1914 - 1943);47;
1924;Totoras;"undación del Club Totoras Juniors:
Hito: Creación de la segunda gran institución deportiva del pueblo.";Huellas de la infraestructura y las  instituciones;Historia de un pueblo santafesino en los años de entreguerras. Totoras (1914 - 1943);178, 179;
1925;Salto Grande;"Inauguración de la Sede de la Sociedad Italiana:
Hito: Apertura del edificio que se convertiría en el corazón de la vida social y cultural.";Huellas de la infraestructura y las  instituciones;Centenario de Salto Grande;78;
1925;Totoras;"Inauguración del Edificio de la Escuela Fiscal:
Hito: Finalización de una obra largamente esperada por la comunidad tras gestiones ante el gobierno provincial.";Huellas de la infraestructura y las  instituciones;Historia de un pueblo santafesino en los años de entreguerras. Totoras (1914 - 1943);220, 221;
1925;Totoras;"Fundación de la Escuela Nacional N° 239 (Láinez):
Hito: Creación de una escuela en el ámbito rural para acercar la alfabetización al campo.";Huellas de la infraestructura y las  instituciones;Historia de un pueblo santafesino en los años de entreguerras. Totoras (1914 - 1943);224, 225 ;
1926;Totoras;"Construcción del nuevo edificio de la Escuela N° 242:
Hito: Obra pública de magnitud para el sistema educativo local.";Huellas de la infraestructura y las  instituciones;Historia de un pueblo santafesino en los años de entreguerras. Totoras (1914 - 1943);56, 57;
1927;Cañada de Gómez;Funcionamiento ininterrumpido del telégrafo y teléfono. A raíz de un suceso policial de gran relevancia (la detención de Salvador Marino), estos servicios fueron fundamentales para la prensa.;Huellas del transporte y las comunicaciones;Historia de Cañada de Gómez - Tomo 2. Entre el novecientos y 1950. El año del libertador;80;
1927;Cañada de Gómez;"(15 de febrero): Habilitación del edificio de la Escuela Sarmiento.
Cita: ""...se había iniciado la construcción del hermoso edificio de la escuela, que se habilitó el 15 de febrero de 1927""";Huellas de la infraestructura y las  instituciones;Historia de Cañada de Gómez - Tomo 2. Entre el novecientos y 1950. El año del libertador;110;
1927;Cañada de Gómez;"Loteo y trazado de campos de juego.
Cita: ""...al lotearse las fracciones de terreno de Camilo Soto... el Sport Club Cañadense ya había adquirido el predio que conforman ahora sus instalaciones... trazó su cancha de fútbol el Club Aprendices""";Huellas de la infraestructura y las  instituciones;Historia de Cañada de Gómez - Tomo 2. Entre el novecientos y 1950. El año del libertador;75;
1927;Salto Grande;"Fiestas Mayas:
Hito: Celebración patria organizada por el Club Atlético Provincial con desfiles y bailes.";Huellas de la identidad y la celebración;Centenario de Salto Grande;63;
1927;Bustinza;"Inauguración del actual edificio de la Escuela Fiscal:
Hito: Construcción de la sede moderna que reemplazó a la antigua edificación.";Huellas de la infraestructura y las  instituciones;Bustinza y su historia;29, 32;
1927;Bustinza;Fundación del Club Atlético Huracán: Hito: Nacimiento de la institución que custodia actualmente gran parte del acervo deportivo local.;Huellas de la infraestructura y las  instituciones;Bustinza y su historia;29;
1928;Salto Grande;"""La Escuela Nº 244 se inauguró en el año 1928, funcionando originalmente en un local alquilado...""";Huellas de la infraestructura y las  instituciones;Centenario de Salto Grande;92;
1929;Cañada de Gómez;Tanque de Agua y Cloacas: Para este año ya se habían habilitado servicios cloacales y de aguas corrientes, destacándose el «importante tanque erigido hacia 1929 [que] fue entonces el símbolo de una población pujante»;Huellas de la infraestructura y las  instituciones;Historia de Cañada de Gómez - Tomo 2. Entre el novecientos y 1950. El año del libertador;210-211;
1929;Cañada de Gómez;"Conflicto de estibadores contra empresas cerealistas.
Cita: ""...a inicios de julio de ese año los obreros de la empresa cerealista y casa de ramos generales Maranetto, Sidler y Cía. exigieron a sus patrones el cumplimiento de un convenio ya celebrado... Ante esta grave situación los jornaleros rosarinos, solidarios con los de Cañada, declararon el boicot a esa firma...""";Huellas del trabajo;Historia de Cañada de Gómez - Tomo 2. Entre el novecientos y 1950. El año del libertador;156;
1929;Totoras;"""En el año 1929, el 11 de mayo, se instaló en la localidad el servicio de teléfonos, una pequeña central telefónica con apenas 43 abonados""";Huellas del transporte y las comunicaciones;Historia de un pueblo santafesino en los años de entreguerras. Totoras (1914 - 1943);54;
1929;Totoras;"Biblioteca del Club Unión:
Hito: Inauguración de un espacio cultural dentro de la infraestructura del club.";Huellas de la infraestructura y las  instituciones;Historia de un pueblo santafesino en los años de entreguerras. Totoras (1914 - 1943);180, 181;
1930;Salto Grande;"Crisis económica y éxodo rural:
Hito: El estancamiento económico mundial provoca desempleo y la emigración de trabajadores hacia las ciudades industriales.
Cita: ""La decadencia de las actividades agropecuarias, generada por la menor demanda del mercado externo, provocará un éxodo de las zonas rurales... miles de arrendatarios, medieros y pequeños propietarios... emigrarán a las grandes ciudades.""
Página: 47.";Huellas del trabajo;Centenario de Salto Grande;47;
1930;Totoras;"Transición energética en el agro:
Hito: Reemplazo de los motores a vapor por tractores de combustión y máquinas más livianas.
Cita: ""Entre los años treinta y cuarenta, las trilladoras y desgranadoras a vapor, con sus pesados motores semimóviles... comienzan a desaparecer del panorama rural totorense reemplazadas por maquinarias que demandaban cada vez menos mano de obra... un simple tractor suplantó el viejo motor a vapor.""";Huellas de la energía;Historia de un pueblo santafesino en los años de entreguerras. Totoras (1914 - 1943);33, 38;
1930;Totoras;"""En los años treinta la Sociedad Italiana adquirió 224 butacas para dotar de mayor confort a esta sala donde también se ofrecían veladas teatrales, bailes populares y conferencias.""";Huellas de la infraestructura y las  instituciones;Historia de un pueblo santafesino en los años de entreguerras. Totoras (1914 - 1943);52, 53;
1931;Cañada de Gómez;Abastecimiento de Agua Potable: El 18 de enero de 1931 se habilitaron las obras construidas por Obras Sanitarias de la Nación, iniciando el «abastecimiento de agua potable a Cañada de Gómez»;Huellas de la infraestructura y las  instituciones;Historia de Cañada de Gómez - Tomo 2. Entre el novecientos y 1950. El año del libertador;90-91;
1931;Cañada de Gómez;"Inicio de actividades del Instituto Florentino Ameghino en diversas sedes.
Cita: ""...actividades se iniciaron el 23 de marzo de 1931... comenzó a funcionar... en la actual sede del Concejo Deliberante... el Instituto se trasladó al local que había ocupado la antigua fonda del Águila de Victorio Zammatti...""";Huellas de la infraestructura y las  instituciones;Historia de Cañada de Gómez - Tomo 2. Entre el novecientos y 1950. El año del libertador;128-129;
1932;Cañada de Gómez;"Habilitación del Club Social.
Cita: ""...participó de un baile de gala que tuvo lugar en la antigua sede del Club Social... El Club Social, habilitado en 1932""";Huellas de la infraestructura y las  instituciones;Historia de Cañada de Gómez - Tomo 2. Entre el novecientos y 1950. El año del libertador;72 y 314;
1933;Cañada de Gómez;"Intervención de oficinas de comunicación. Durante la revolución de ese año, las oficinas estratégicas de comunicación fueron puntos clave.
Cita: ""...estaban intervenidas las oficinas de correos y teléfonos y que en la ciudad se recibían «llamados telefónicos en procura de informes»...""";Huellas del transporte y las comunicaciones;Historia de Cañada de Gómez - Tomo 2. Entre el novecientos y 1950. El año del libertador;219;
1933;Salto Grande;"se creó la primera línea de colectivos que conectaba la localidad con Rosario. Allí trabajaban los Señores Zárate y Freyrías. La empresa pionera tuvo una vida efímera; cuatro años más tarde surgió la compañía Durán, de Pedro y Luis Rosse, que tampoco logró consolidarse definitivamente.";Huellas del transporte y las comunicaciones;Centenario de Salto Grande;;
1933;Totoras;"Aparición de la revista ""Proa"":
Hito: Lanzamiento de la publicación mensual que servía de órgano intelectual para la localidad.";Huellas del transporte y las comunicaciones;Historia de un pueblo santafesino en los años de entreguerras. Totoras (1914 - 1943);165;
1934;Cañada de Gómez;Construcción de la Ruta 9 y Máquinas a Vapor: Durante la construcción del pavimento de la Ruta 9, se utilizó tecnología ferroviaria y de vapor: «el ferrocarril los descargaba allí, y desde ese lugar una pequeña máquina a vapor arrastraba unas zorritas, seis o siete, que llevaban los materiales»;Huellas del transporte y las comunicaciones;Historia de Cañada de Gómez - Tomo 2. Entre el novecientos y 1950. El año del libertador;194-195;
1935;Cañada de Gómez;"Donación de terreno para la escuela Fiscal N° 764 (hoy CER N° 118).
Cita: ""...el 3 de octubre de 1935 Fortunato Torriglia donó el terreno en el que construyó su edificio, denominada Fiscal N° 764...""";Huellas de la infraestructura y las  instituciones;Historia de Cañada de Gómez - Tomo 2. Entre el novecientos y 1950. El año del libertador;118;
1935;Totoras;"Nueva escuela rural en Campo Lassaga:
Hito: Expansión del sistema escolar al distrito rural con apoyo privado.";Huellas de la infraestructura y las  instituciones;Historia de un pueblo santafesino en los años de entreguerras. Totoras (1914 - 1943);226, 227;
1937;Cañada de Gómez;Inauguración de la Ruta 9: El 5 de junio de 1937 se inauguró oficialmente el «camino pavimentado Buenos Aires-Rosario-Córdoba» (Ruta 9), hito que vinculó a la ciudad con las mayores urbes del país;Huellas del transporte y las comunicaciones;Historia de Cañada de Gómez - Tomo 2. Entre el novecientos y 1950. El año del libertador;210-211;
1937;Cañada de Gómez;"Creación y espacio del Aero Club.
Cita: ""...se creó el Aero Club Cañada de Gómez cuyo aeródromo se instaló en campos cedidos por Harold del Sel...""
";Huellas de la infraestructura y las  instituciones;Historia de Cañada de Gómez - Tomo 2. Entre el novecientos y 1950. El año del libertador;225;
1937;Bustinza;Sede Propia del Club Atlético Provincial (Mención contextual en Bustinza): Hito: Referencia a la cancha de fútbol y la vida social del Club Huracán en sus inicios.;Huellas de la infraestructura y las  instituciones;Bustinza y su historia;24;
1938;Cañada de Gómez;"Inauguración del edificio propio de la Sociedad Suiza.
Cita: ""...edificio propio, inaugurado el 23 de julio de 1938""";Huellas de la infraestructura y las  instituciones;Historia de Cañada de Gómez - Tomo 2. Entre el novecientos y 1950. El año del libertador;283;
1939;Totoras;"La Máquina Autocosechadora de Miguel Druetta:
Hito: Innovación tecnológica de un inventor local que revolucionó la labor agrícola. Cita: ""Le correspondió a un inventor totorense, Miguel Druetta, el mérito de haber fabricado la primer autocosechadora, una de las maquinarias que revolucionó más profundamente las tareas agrícolas... para el año 1939 encontramos que la Casa Trottini... ya ofrecía la autocosechadora « Druet ».""";Huellas de la energía;Historia de un pueblo santafesino en los años de entreguerras. Totoras (1914 - 1943);38, 60;
1940;Cañada de Gómez;Pavimentación Masiva: El 14 de octubre de 1940 se inició una obra de gran envergadura donde «se pavimentaron inicialmente ciento cincuenta y cinco cuadras»;Huellas del transporte y las comunicaciones;Historia de Cañada de Gómez - Tomo 2. Entre el novecientos y 1950. El año del libertador;230-231;
1940;Cañada de Gómez;Desagües Pluviales: Junto con la pavimentación, se realizaron las «obras del gran desagüe de la ciudad, instalándose un túnel que tuvo su inicio al norte de la Ruta Nº 9»;Huellas de la infraestructura y las  instituciones;Historia de Cañada de Gómez - Tomo 2. Entre el novecientos y 1950. El año del libertador;230-231;
1940;Cañada de Gómez;"Conflicto por turnos de trabajo en obras públicas.
Cita: ""...la empresa que pavimentaba la ciudad debió asumir el compromiso de turnar las cuadrillas de obreros inscriptos en los registros de la Comisión Procreación de Trabajo... señalando además que los trabajadores culpaban al Intendente Municipal por no interesarse en hacer cumplir el compromiso..."".";Huellas del trabajo;Historia de Cañada de Gómez - Tomo 2. Entre el novecientos y 1950. El año del libertador;232;
1940;Salto Grande;En la década del cuarenta se construyó en el pueblo un gremio de transportistas camioneros que realizaban frecuentes viajes fuera del distrito Salto Grande, lo que prueba, que para esos años se presentaban como una alternativa importante al ferrocarril.;Huellas del transporte y las comunicaciones;Centenario de Salto Grande;;
1942;Cañada de Gómez;Silo Subterráneo: Se habilitó el «primer silo subterráneo del cerealista Enrique Maier, ubicado sobre la Ruta 9»;Huellas del trabajo;Historia de Cañada de Gómez - Tomo 2. Entre el novecientos y 1950. El año del libertador;;
1942;Cañada de Gómez;"Inauguración del Parque-Balneario y Campo de Deportes.
Cita: ""El Parque-Balneario y Campo de Deportes construido en esta ciudad... será inaugurado el sábado a las 18... [28 de noviembre de 1942]""";Huellas de la infraestructura y las  instituciones;Historia de Cañada de Gómez - Tomo 2. Entre el novecientos y 1950. El año del libertador;236;
1947;Totoras;"Estadísticas de telefonía y radiofonía: Aunque excede el periodo central de entreguerras, la fuente cita el crecimiento de esta infraestructura hacia el final de la década del 40. Cita: ""En el ejido urbano existían 35 teléfonos... en el pueblo funcionaban 340 aparatos radioeléctricos...""";Huellas del transporte y las comunicaciones;Historia de un pueblo santafesino en los años de entreguerras. Totoras (1914 - 1943);19;
1952;Departamental;"Se inauguró la Compañía de Transportes ""22 de Agosto"", que a partir de 1955 adoptó el nombre actual de ""Empresa General Güemes""";Huellas del transporte y las comunicaciones;Centenario de Salto Grande;;
1953;Salto Grande;"Fundación de la Cooperativa Agricultores Federados (AFA):
Hito: Los productores se unen para eliminar la dependencia de los acopiadores privados tradicionales.
Cita: ""...deciden constituir una cooperativa para comerciar sus cereales adquiriendo todas las instalaciones de la firma Staffolarini, Milanese y Cía... A partir de entonces se incorporan a Agricultores Federados Argentinos.""";Huellas del trabajo;Centenario de Salto Grande;111;
1960;Salto Grande;"Edificio propio de la Escuela Nº 244:
Hito: Inauguración de la sede permanente en Campo Rasetto.
Cita: ""...la finalización de la obra, inaugurada el 21 de febrero de 1960, con la presencia del nombrado gobernador [Silvestre Begnis]...""";Huellas de la infraestructura y las  instituciones;Centenario de Salto Grande;92;
1963;Salto Grande;Creación de la Cooperativa Telefónica: Este es el hito fundacional de la infraestructura de telecomunicaciones moderna en el pueblo.;Huellas del transporte y las comunicaciones;Centenario de Salto Grande;115;
1964;Salto Grande;"Inicio de la enseñanza secundaria en el pueblo.
Cita: ""El Instituto José Hernández C-158 comenzó a funcionar en el año 1964 en el edificio de la Escuela Primaria Nº 241.""";Huellas de la infraestructura y las  instituciones;Centenario de Salto Grande;94;
1964;Salto Grande;"Modernización de la comercialización: Venta a granel:
Hito: Construcción de silos que cambian la forma tradicional de trabajar el grano en bolsas.
Cita: ""...se construye la primera planta de silos y secador que permite modernizar la comercialización del cereal, que en otras épocas se efectuaba en bolsa para pasar entonces a granel.""";Huellas del trabajo;Centenario de Salto Grande;111;
1971;Salto Grande;"Plebiscito y cambio oficial de nombre:
Hito: La población elige legalmente el nombre de Salto Grande sobre el de Froilán Palacios.";Huellas de la identidad y la celebración;Centenario de Salto Grande;31;
1974;Bustinza;"Centenario de Bustinza: Hito máximo de celebración comunitaria.
Hito: Actos y preparativos para festejar los 100 años de vida como colonia y pueblo.";Huellas de la identidad y la celebración;Bustinza y su historia;9, 42;
1976;Salto Grande;"Resurgimiento del Carnaval y Comparsa ""Catereté"":
Hito: El Club Provincial impulsa corsos y bailes que marcan una nueva etapa cultural.
Cita: ""Surgió la idea de festejar los carnavales... Se creó entonces la comparsa 'Catereté', la cual se fue superando año a año y llegó a contar con más de ciento veinte integrantes...""";Huellas de la identidad y la celebración;Centenario de Salto Grande;82;
1991;Salto Grande;"Televisión por cable: Incorporación de nuevos medios de comunicación.
Cita: ""En los últimos años el pueblo cuenta con un nuevo adelanto, a partir de la instalación del canal de circuito cerrado TELESAT, una feliz iniciativa de un grupo de jóvenes de la localidad.";Huellas del transporte y las comunicaciones;Centenario de Salto Grande;139, 140;
1857-1858;Bustinza;Levantamiento de la Posta de las Totoras y nuevo camino: Hito: Timoteo Gordillo establece un nuevo camino postal y levanta la posta cerca de donde hoy se encuentra Bustinza.;Huellas del transporte y las comunicaciones;Bustinza y su historia;83;
1875-1891;Totoras;"Desarrollo de infraestructura base: Antes de la llegada del ferrocarril (que se concretó en 1903 para el pueblo), Santa Teresa ya había consolidado servicios que le daban preeminencia regional, incluyendo los de comunicación.
Cita: ""Por el contrario, para 1891, Santa Teresa ya había desarrollado una infraestructura -comercios, escuelas, parroquia, etc.- que le permitió conservar su liderazgo, aún sin el ferrocarril.""";Huellas del transporte y las comunicaciones;La construcción de un espacio Humano en Santa Teresa, Estación Totoras (1875 - 1914);185;
1886-1887;Lucio V. López;"""Durante el año agrícola de 1886-1887, el molino de agua 'Del Salto' de Pedro Rossie, molió 516.825 kg. de trigo... lo que es un índice de que la zona tenía un importante desarrollo agrario, antes de la fundación del pueblo."" (...) ""...existía sobre el río Carcarañá un molino harinero propiedad de José Rozié llamado 'Del Salto', en razón de que sus instalaciones se movilizaban aprovechando la energía proporcionada por un salto del curso de agua.""";Huellas de la energía;Centenario de Salto Grande;24, 123;
1904-1905;Cañada de Gómez;"En 1904 se fundaron el club América y el Social, en 1905 el club Alem...""";Huellas de la infraestructura y las  instituciones;Historia de Cañada de Gómez - Tomo 2. Entre el novecientos y 1950. El año del libertador;13;
1907-1908;Bustinza;"Presencia de la Escuela Fiscal y la gestión de Paulina Storni: Hito: Se menciona la actividad de la escuela durante la estadía de Alfonsina Storni, cuya madre fue directora.
Cita: ""...doña Paulina había instalado allí una escuela particular previamente a ser nombrada Directora de la Escuela Fiscal del Pueblo. Fue en uno de esos años, en la fiesta de fin de curso preparada por madre e hija, en que Alfonsina... cantó la canción entonces en boga 'La piedra del escándalo'..."".";Huellas de la infraestructura y las  instituciones;Bustinza y su historia;24;
1913-1921;Cañada de Gómez;"Expansión de clubes deportivos y sociales.
Cita: ""A los clubes pioneros de la década anterior se habían sumado Sport y el Lawn Tennis en 1913, Everton en 1914, Aprendices en 1915, Newell's en 1917, Misterioso en 1920, Ciclismo Club y el de Tiro a la Paloma en 1921...""";Huellas de la infraestructura y las  instituciones;Historia de Cañada de Gómez - Tomo 2. Entre el novecientos y 1950. El año del libertador;51;
1918-1920;Cañada de Gómez;El telégrafo como herramienta de difusión. Se destaca el rol de los telegrafistas del ferrocarril en la comunicación de noticias e ideas políticas.;Huellas del transporte y las comunicaciones;Historia de Cañada de Gómez - Tomo 2. Entre el novecientos y 1950. El año del libertador;149;
1922-1925;Cañada de Gómez;"Construcción e inauguración del Teatro Verdi (vinculado a la Sociedad Italiana).
Cita: ""...se colocó la piedra fundamental del Teatro Verdi, obra impulsada por la Societá Italiana... comenzaron a abrirse el 13 de julio de 1923 y su imponente estructura... El 14 de febrero de 1925... se produjo la apertura de la sala...""";Huellas de la infraestructura y las  instituciones;Historia de Cañada de Gómez - Tomo 2. Entre el novecientos y 1950. El año del libertador;59, 274 y 275;
1926-1932;Cañada de Gómez;"Construcción del edificio propio para el Centro Educativo Radial Campo Severini.
Cita: ""...hacia 1926 se iniciaron las obras de su edificio propio, inaugurado el 3 de agosto de 1932, siendo denominado con el tiempo CER N° 385 Campo Severini...";Huellas de la infraestructura y las  instituciones;Historia de Cañada de Gómez - Tomo 2. Entre el novecientos y 1950. El año del libertador;117;
1772;Departamental;"Sistema de Postas): Se establece este sistema para mejorar las comunicaciones en América.
Cita: ""...es a partir de 1772 cuando se implementa la creación del sistema de postas en toda América y con ello se logra mejorar notablemente las comunicaciones""";Huellas del transporte y las comunicaciones;Origen y formación de Bustinza;12;
1849 - 1852;Departamental;"(Mensajerías Argentinas): Surgimiento de la empresa de transporte de pasajeros y correspondencia.
Cita: ""...regularizarse a partir de la creación y organización de la empresa de carros, denominada Mensajerías Argentinas, hecho éste que se inicia hacia 1849... pero recién en 1852 comienza a prestar dichos servicios tan imprescindibles, con absoluta y verdadera utilidad""";Huellas del transporte y las comunicaciones;Origen y formación de Bustinza;12;
1991;Bustinza;"Comienza a funcionar la oficina para trámites de identidad.
Cita: ""...la creación del Registro Civil de Bustinza, que comenzó a funcionar hacia 1911""";Huellas de la infraestructura y las  instituciones;Origen y formación de Bustinza;38;
1930;Bustinza;"Colocación de postes para el servicio de telégrafo.
Cita: ""...se agrega la realización de trabajos de colocación de postes para la línea telegráfica, en Agosto de este mismo año """;Huellas del transporte y las comunicaciones;Origen y formación de Bustinza;48;
1970;Bustinza;La vieja cooperativa que daba servicios generales, vende los servicio de agua y energía a manos de nación ;Huellas de la infraestructura y las  instituciones;Origen y formación de Bustinza;54;
1970;Bustinza;Nace la cooperativa Telefónica de Bustinza Ltda.;Huellas del transporte y las comunicaciones;Origen y formación de Bustinza;54;
1928;Bustinza;"(Primer Tractor): La Comuna incorpora maquinaria motorizada para sus tareas.
Cita: ""...durante el mes de Setiembre de 1928, la Comuna adquiere el primer tractor...""";Huellas de la energía;Origen y formación de Bustinza;48;
1935;Bustinza;"(Inauguración del Alumbrado Público): Reemplazo del sistema antiguo por uno moderno.
Cita: ""...establecer el servicio de Alumbrado Público en Bustinza, efectuado con faroles a nafta, reemplazado en 1935, al ser inaugurado el servicio de alumbrado público""
";Huellas de la energía;Origen y formación de Bustinza;45;
1943;Bustinza;"(Bomba a motor de explosión): Adquisición de tecnología para servicios urbanos.
Cita: ""Durante este año se adquiere una bomba a motor de explosión para el riego de calles""";Huellas de la energía;Origen y formación de Bustinza;50;
1950;Bustinza;"Mejora sustancial en la capacidad de generación eléctrica.
Cita: ""De gran importancia es la compra de motores a diesel para colocar en la Usina que dará luz a toda la población. Si bien los trabajos de instalación eléctrica se inician aquí, sólo se concretan más adelante...""";Huellas de la energía;Origen y formación de Bustinza;53;
1955;Bustinza;"(Alternador Motor Buda): Cambio técnico para modernizar la red de distribución.
Cita: ""...se llega al año 1955 donde el interventor comunal Aldo Mascotti decide colocar un alternador al motor Buda que en ese momento movía al generador de corriente contínua, pasando a ser alternada""";Huellas de la energía;Origen y formación de Bustinza;53;
1959;Bustinza;"(Cooperativa de Electricidad): Organización vecinal para gestionar el suministro energético.
Cita: ""...a finales de Julio de 1959, donde reunidos en la Comuna, se conforma el Primer Consejo de Administración de la Cooperativa de Consumo Popular de Electricidad y Servicios Anexos de Bustinza Limitada""";Huellas de la energía;Origen y formación de Bustinza;54;
1970;Bustinza;"(Línea de Alta Tensión): Conexión de la localidad a la red eléctrica nacional o provincial.
Cita: ""Ejemplo de ello fue la integración de Bustinza a la línea de Alta Tensión a partir del año 1970""";Huellas de la energía;Origen y formación de Bustinza;54;
1973;Bustinza;"(Transferencia del Servicio Eléctrico): Cambio en la administración del suministro.
Cita: ""...en Julio de 1973... la Comuna aprueba la transferencia del servicio eléctrico a cargo de la Cooperativa de Electricidad de Bustinza Limitada a la Empresa de Agua y Energía Eléctrica""";Huellas de la energía;Origen y formación de Bustinza;60;
1978;Bustinza;"(Tractor con pala hidráulica): Modernización del parque automotor comunal.
Cita: ""Durante el transcurso de 1978 la Comuna adquirió un Tractor con pala hidráulica frontal para efectuar trabajos de urbanización...""";Huellas de la energía;Origen y formación de Bustinza;61;
1983-1987;Bustinza;"(Luminarias de Vapor de Mercurio y Sodio): Modernización de la iluminación urbana.
Cita: ""Reacondicionamiento general del alumbrado público con luminarias a vapor de mercurio y gas de sodio""";Huellas de la energía;Origen y formación de Bustinza;62;
1880;Bustinza;"Creación de la Escuela Elemental Mixta): Se decreta oficialmente la primera institución educativa formal.
Cita: ""...en fecha 30 de enero de 1880, afirmando que está en condiciones de acuerdo a lo estipulado por la Ley de Educación, para la creación de escuelas. En consecuencia el Poder Ejecutivo Provincial, decreta oficialmente la creación de una Escuela Elemental Mixta, nombrando preceptor de ella al propuesto Santiago Cuestas""";Huellas de la infraestructura y las  instituciones;Origen y formación de Bustinza;32-33;
1948;Bustinza;"(Donación de terreno para Escuela Fiscal Nº 823): Hito para la infraestructura escolar propia.
Cita: ""...en el mes de Abril del mismo año el Sr. Antonio Ubino dona una hectárea de terreno de campo para construir el edificio de la Escuela Fiscal Nº 823""";Huellas de la infraestructura y las  instituciones;Origen y formación de Bustinza;52;
1972;Bustinza;"(Biblioteca Popular en Escuela de Campo Mosca): Vinculación de cultura y educación rural.
Cita: ""También en el orden cultural se hace la inauguración de la Biblioteca Popular Bernardino Rivadavia, en la Escuela Nº 598 de Campo Mosca""";Huellas de la infraestructura y las  instituciones;Origen y formación de Bustinza;60;
1910;Bustinza;"Primer Cinematógrafo): Inauguración del primer local de cine por iniciativa privada. Cita: ""Por este año se procede a inaugurar el Primer Cinematógrafo local de Bustinza... surgió merced a la iniciativa de Camilo Soto y de Martín Beltrán...""";Huellas de la identidad y la celebración;Origen y formación de Bustinza;37;
1951;Bustinza;"1951 (Inauguración de Biblioteca): Suma de un nuevo espacio cultural para la localidad.
Cita: ""...complementando dichas obras con la inauguración de una Biblioteca en la localidad""";Huellas de la identidad y la celebración;Origen y formación de Bustinza;53;
1972;Bustinza;"1972 (Archivo, Museo Histórico y Biblioteca): Institucionalización de la memoria colectiva.
Cita: ""En Setiembre de 1972 fue creado el Archivo y Museo Histórico Comunal... También en el orden cultural se hace la inauguración de la Biblioteca Popular Bernardino Rivadavia..."".";Huellas de la identidad y la celebración;Origen y formación de Bustinza;60;
1974;Bustinza;"(29 de Abril - Centenario del Pueblo): Gran celebración por los 100 años de la fundación de la localidad.
Cita: ""En 1974 se fija como fecha de fundación del pueblo el día 29 de Abril y se procede a organizar los festejos del Centenario del pueblo"".";Huellas de la identidad y la celebración;Origen y formación de Bustinza;60;
1905;Bustinza;"(Conflicto y reclutamiento forzoso): Impacto de la inestabilidad política en la población masculina en edad de trabajar.
Cita: ""El 4 de febrero de 1905, representantes de la autoridad policial departamental llegaron, de improviso, a esta población y procedieron al reclutamiento forzoso de los hombres en edad de servir. Fueron conducidos a Cañada de Gómez, donde permanecieron acantonados por el término de una semana""";Huellas del trabajo;Origen y formación de Bustinza;37;
1930;Bustinza;"(Estadística de producción y población rural): Datos sobre la distribución de la tierra y el trabajo.
Cita: ""...se obtienen los siguientes datos: Población Rural: 2.000 h., Población Urbana: 800 h... Hectáreas cultivadas: Maíz: 4.635 has., Trigo: 2.122 has., Lino: 1.897 has."".";Huellas del trabajo;Origen y formación de Bustinza;48;
1967;Bustinza;"(Censo de empleados y producción): Detalle de la fuerza laboral administrativa y operativa, junto a niveles de cosecha.
Cita: ""Empleados comunales: 2 empleados administrativos, 2 obreros y 10 obreros a jornal... Producción: 4.425 hectáreas sembradas con trigo, 2.647 hectáreas sembradas con maíz, 1.880 hectáreas sembradas con alfalfa"".";Huellas del trabajo;Origen y formación de Bustinza;58;
1974;Bustinza;"(Radicación de industrias): Planificación para expandir la actividad productiva en el centenario del pueblo.
Cita: ""Además la Comuna adjudicó terrenos para radicación de industrias en las Manzanas 34, 47, 54, 35, 39 y 32, hecho éste realizado en 1975"".";Huellas del trabajo;Origen y formación de Bustinza;60;
1875;Departamental;"Establecimiento de línea de mensajerías: Simón Capurro establece un servicio que conectaba diversas colonias y permitía el flujo de correspondencia antes de la llegada del ferrocarril.
Cita: “...a partir de 1875, Simón Capurro establece una línea de mensajerías que partiendo de San Lorenzo pasa por las colonias Jesús María (Timbúes) y Santa Teresa (Totoras), llegando hasta la colonia Caridad (San Genaro)...”";Huellas del transporte y las comunicaciones;Matreros, estancieros, colonos y puebleros: la historia de Clason;64-65;
1882;Departamental;"Mensajería para correspondencia de Atanasio Escobal: Se registra otra línea que recorría las estancias locales.
Cita: “Otra mensajería fue la de Atanasio Escobal, establecida el 15/6/1882... probablemente por conducir correspondencia”";Huellas del transporte y las comunicaciones;Matreros, estancieros, colonos y puebleros: la historia de Clason;64-65;
1892;Clason;"Llegada del Telégrafo: El servicio llegó de la mano de la construcción de la línea ferroviaria.
Cita: “Junto con el ferrocarril vino otra innovación importante: el telégrafo, que permitía una rápida comunicación con lugares distantes.”";Huellas del transporte y las comunicaciones;Matreros, estancieros, colonos y puebleros: la historia de Clason;91-92;
1910;Clason;"Transporte informal de correspondencia: Se utilizaba a personas que viajaban a la estación o Rosario para el envío de cartas.
Cita: “Juan Zamarro relató hacia 1910: ‘...me mandaban a la escuela y cuando llevé la correspondencia tenía esta orden: a la mañana ir y llevar las cosas y a la tarde llevar la correspondencia e ir al colegio.’”";Huellas del transporte y las comunicaciones;Matreros, estancieros, colonos y puebleros: la historia de Clason;128-129;
1930;Clason;"Estafeta de correos: El pueblo ya contaba con una oficina formal para el servicio postal.
Cita: “A comienzos de los años 30, el pueblo cuenta con... una estafeta de correos.”";Huellas del transporte y las comunicaciones;Matreros, estancieros, colonos y puebleros: la historia de Clason;126-127;
1930;Clason;"Telefonía privada en estancias: Las primeras líneas conectaban las grandes propiedades rurales con la estación.
Cita: “Los Leones y luego La Alpina estaban comunicadas desde hace tiempo, probablemente la década de 1930, con sendas líneas telefónicas privadas con la estación de ferrocarril y entre sí.”";Huellas del transporte y las comunicaciones;Matreros, estancieros, colonos y puebleros: la historia de Clason;160-161;
1966;Clason;"Instalación de teléfono en la Comuna: Se logra el primer acceso público/institucional al servicio telefónico a través de una cooperativa.
Cita: “En 1966, la Comuna de Clason... constituyeron un consorcio para conectarse a la Cooperativa Telefónica de San Genaro. Especialmente el teléfono instalado en la Comuna significó el acceso a ese medio de comunicación para la población del pueblo...”";Huellas del transporte y las comunicaciones;Matreros, estancieros, colonos y puebleros: la historia de Clason;162-163;
1970;Clason;"Cabina telefónica pública: Se instala un punto de comunicación para la población general.
Cita: “En 1970 se instaló una cabina pública conectada mediante radioenlace con San Lorenzo.”";Huellas del transporte y las comunicaciones;Matreros, estancieros, colonos y puebleros: la historia de Clason;162-163;
1992;Clason;"Inauguración de la Central Telefónica: Modernización del sistema con capacidad para múltiples líneas individuales.
Cita: “...se construyó una central telefónica para satisfacer las necesidades del pueblo, que comenzó a funcionar el 19 de septiembre de 1992 con 43 líneas.”";Huellas del transporte y las comunicaciones;Matreros, estancieros, colonos y puebleros: la historia de Clason;162-163;
1879;Clason;"Vapor, Tracción Animal y Viento
1879 – Primer molino a vapor: Se establece en la estancia La Germania el primer molino de este tipo en la región.
Cita: “Asimismo, un molino a vapor, el primero de la región (databa de 1879) y que –al menos en 1887– molía más trigo que los molinos de Totoras y San Genaro juntos.”";Huellas de la energía;Matreros, estancieros, colonos y puebleros: la historia de Clason;52;
1880;;"Difusión de trilladoras a vapor: Las máquinas accionadas por caballos (malacates) comienzan a ser reemplazadas por motores a vapor. Cita: “Las primeras trilladoras eran movidas por caballos atados a un malacate, pero muy pocos años después fueron reemplazadas por las impulsadas por locomóviles.”
Cita: “En la década del 80 se empezaron a difundir las espigadoras que segaban y cargaban directamente la mies sobre chatas que la transportaban a la parva... y finalmente se trillaba el trigo... con una trilladora estacionaria movida por una locomóvil (un motor a vapor que se alimentaba con la paja del trigo).”";Huellas de la energía;Matreros, estancieros, colonos y puebleros: la historia de Clason;74-76;
1887;Departamental;"Registro censal de maquinaria y energía: El censo de este año muestra una importante infraestructura de vapor y los primeros usos del viento en el distrito Santa Teresa.
Cita: Según la tabla ""Máquinas Distr. Sta. Teresa, 1887"": Trilladoras a vapor: 25; Máq. a vapor para agríc.: 6; Máq. movidas por el viento: 1.
 (Página 238).
Cita: En cuanto a la industria harinera, el distrito contaba con 2 molinos con una ""Total potencia instalada (CV)"" de 24.";Huellas de la energía;Matreros, estancieros, colonos y puebleros: la historia de Clason;239;
1895;Clason;"Consolidación del vapor en el distrito Larguía:
Cita: Según la tabla ""Máquinas Subdistrito Larguía, 1895"": Trilladoras a vapor: 8; Máquinas a vapor: 2; Máquinas a agua: 30";Huellas de la energía;Matreros, estancieros, colonos y puebleros: la historia de Clason;248;
1920;Clason;"Llegada del tractor: Comienza la mecanización motorizada en las estancias.
Cita: “Los primeros tractores fueron adquiridos por las estancias de la zona hacia fines de la década del 20. Un modelo muy difundido fue el Deering 15-30, un tractor que tenía 30 caballos en la polea.”";Huellas de la energía;Matreros, estancieros, colonos y puebleros: la historia de Clason;132;
1976;Clason;"Inicio de la electrificación rural: Se inicia el tendido de red eléctrica para los campos del distrito.
Cita: “En 1976, mediante un plan de electrificación rural consistente en ayuda crediticia, se pudo conectar a la red de energía eléctrica la gran mayoría de los predios del distrito.”";Huellas de la energía;Matreros, estancieros, colonos y puebleros: la historia de Clason;162;
1979;Clason;"Electrificación del pueblo de Clason: El servicio de energía llega finalmente al área urbana.
Cita: “Un tiempo después, en 1979, también el pueblo pudo contar con energía eléctrica, suministrada por la misma cooperativa a través de la Comuna...”";Huellas de la energía;Matreros, estancieros, colonos y puebleros: la historia de Clason;162;
1997;Clason;"Traspaso de la distribución eléctrica: La Empresa Provincial de la Energía (EPE) asume la distribución del servicio.
Cita: “...y desde 1997 por EPE, la Empresa Provincial de Energía al hacerse cargo de la distribución.”";Huellas de la energía;Matreros, estancieros, colonos y puebleros: la historia de Clason;162;
1874;Clason;"Funcionamiento de escuela en la estancia La Germania: Aunque en 1872 no había establecimientos, para esta fecha ya se registraba actividad escolar.
Cita: “Wilcken, en 1872 no había escuela en La Germania, pero dos años después funcionaba allí una a la que asistían 19 chicos según Coelho.”";Huellas de la infraestructura y las  instituciones;Matreros, estancieros, colonos y puebleros: la historia de Clason;65;
1905;Clason;"Fundación de la Escuela N° 770 en Pueblo Médici:
Cita: “A los pocos años de formarse el caserío inicial, en 1905, se fundó una escuela de primeras letras (actualmente escuela N° 770 ‘Gregoria Matorras’).”";Huellas de la infraestructura y las  instituciones;Matreros, estancieros, colonos y puebleros: la historia de Clason;148;
1924;Clason;"Fundación de la Escuela N° 216: Inicio formal de la educación pública en el pueblo de Clason.
Cita: “En 1924 la Provincia fundó la escuela N° 216 ‘Domingo Faustino Sarmiento’. Al principio, estuvo alojada en una casa muy modesta...”.";Huellas de la infraestructura y las  instituciones;Matreros, estancieros, colonos y puebleros: la historia de Clason;129;
1937;Clason;"Inauguración de la Escuela N° 6286 “Udino Galetto”: Ubicada en el campo de la estancia La Paz.
Cita: “...fue inaugurada en marzo de 1937 en el campo de la estancia ‘La Paz’. Unos años después Udino Galetto donó una hectárea de terreno... y ladrillos para construir una escuela.”";Huellas de la infraestructura y las  instituciones;Matreros, estancieros, colonos y puebleros: la historia de Clason;130;
1939;Clason;"Escuela Rural N° 261:
Cita: “La escuela N° 261, ubicada en las cercanías de la estancia La Germania, fundada en 1939...”. ";Huellas de la infraestructura y las  instituciones;Matreros, estancieros, colonos y puebleros: la historia de Clason;129;
1942;Clason;"Escuela N° 973:
Cita: “...la escuela N° 973 (actualmente CER N° 524) en el campo ‘El Ensayo’, al sur del distrito, creada en 1942...”.";Huellas de la infraestructura y las  instituciones;Matreros, estancieros, colonos y puebleros: la historia de Clason;129;
1957;Clason;"Construcción del edificio actual de la Escuela N° 216:
Cita: “...recién hasta 1957 se construyó el edificio que ocupa actualmente...”. ";Huellas de la infraestructura y las  instituciones;Matreros, estancieros, colonos y puebleros: la historia de Clason;129;
1970;Clason;"Inauguración del Centro Cívico: Un espacio clave para la vida institucional y social que centralizó varias funciones.
Cita: “En 1970 se inauguró el centro cívico, que alberga la comuna, la comisaría y el juzgado de paz...”.";Huellas de la infraestructura y las  instituciones;Matreros, estancieros, colonos y puebleros: la historia de Clason;156;
2008;Clason;"Inicio del nivel secundario técnico:
Cita: “...un anexo en Clason con la orientación ‘Técnico en Informática Profesional y Personal’. Sus actividades comenzaron en 2008...”.";Huellas de la infraestructura y las  instituciones;Matreros, estancieros, colonos y puebleros: la historia de Clason;158;
2011;Clason;"Cesión de terreno para nuevo edificio secundario:
Cita: “Es así como en 2011 la Comuna transfiere un terreno de poco más de 2.500 m2 al Ministerio de Educación de la Provincia con cargo a construir un nuevo edificio escolar.”";Huellas de la infraestructura y las  instituciones;Matreros, estancieros, colonos y puebleros: la historia de Clason;158;
2004;Clason;"Inauguración del Museo Interactivo del Queso: Un nuevo hito cultural y turístico.
Cita: “En 2004 La Juanchesca S.A. constituida por descendientes de Angel Médici comenzaron un emprendimiento de turismo rural... A esto se agrega un Museo Interactivo del Queso con demostraciones didácticas para escolares en la fábrica de queso.”";Huellas de la identidad y la celebración;Matreros, estancieros, colonos y puebleros: la historia de Clason;150;
1869;Clason;"Perfil laboral de la población primitiva: El censo de este año muestra una ocupación mayoritariamente precaria y dependiente.
Cita: “El 64,8% de la población ocupada de 14 o más años de edad eran jornaleros, el 20,6% eran operarios calificados (‘labradores’, albañiles, etc.) y el 7,8% ‘estancieros’.”
";Huellas del trabajo;Matreros, estancieros, colonos y puebleros: la historia de Clason;60-61;
1887;Clason;"Consolidación del pequeño productor (Colono): Los censos reflejan el cambio de identidad laboral hacia el trabajo propio en la tierra.
Cita: “Según Larguía en 1869 un 16,9% de los hombres ocupados eran labradores; en 1887 el 45,8% eran agricultores... Esto confirma la fuerte presencia de pequeños productores, los colonos que trabajan en su predio...”";Huellas del trabajo;Matreros, estancieros, colonos y puebleros: la historia de Clason;76-77;
1945;Clason;"Sindicalización del trabajo rural y del transporte: Bajo el gobierno peronista, se formalizan las organizaciones de trabajadores.
Cita: “Con el advenimiento del peronismo se fundó en Clason... el Sindicato de Trabajadores Rurales y Estibadores en 1945. La contratación de personal para la cosecha... se debía hacer obligatoriamente en el sindicato.” Cita: “Es así como también en Clason se estableció un sindicato de camioneros en 1945 al que productores agrarios y los acopiadores debían recurrir para pedir camiones...”";Huellas del trabajo;Matreros, estancieros, colonos y puebleros: la historia de Clason;136-137;
1960;Clason;"Paso de la cosecha en bolsas al granel: Este hito eliminó la necesidad de estibadores y juntadores, provocando un impacto social.
Cita: “El movimiento de bolsas cesó cuando en la primer mitad de la década del 60 se pasó de la cosecha en bolsas al granel... significó un ahorro de mano de obra e implicó una reducción del costo del producto... pero perjudica transitoriamente a ciertos sectores de trabajadores.”";Huellas del trabajo;Matreros, estancieros, colonos y puebleros: la historia de Clason;134-135;
1995;Departamental;Mediados de la década de 1990 – Revolución de la Siembra Directa: Cita: “...a partir de mediados de la década de 1990 una nueva tecnología revolucionó este concepto: la siembra directa... el ahorro de tiempo es sinónimo de ahorro de mano de obra e indirectamente también hace menos necesaria la permanencia constante del productor en su predio.”;Huellas del trabajo;Matreros, estancieros, colonos y puebleros: la historia de Clason;134-135;
1997;Clason;Conflicto por la radicación de la Cárcel Federal: Una disputa sobre el modelo de desarrollo (trabajo industrial/penitenciario vs. seguridad rural). Cita: “...los habitantes del pueblo pues veían en ella la posibilidad de nuevas fuentes de trabajo, tanto directas en la cárcel como indirectas en la localidad. En contra se hallaba principalmente la población rural... preocupada por la inseguridad...”;Huellas de la infraestructura y las  instituciones;Matreros, estancieros, colonos y puebleros: la historia de Clason;163-172;
1903;Serodino;"Creación de la Oficina Mixta. Se establece el servicio formal bajo administración nacional.
Cita: ""En el año 1903 la administración nacional creó en el nuevo pueblo una 'Oficina Mixta' de correos y telégrafos. Fue su primer Jefe el señor José López Quinteros""";Huellas del transporte y las comunicaciones;Serodino. Un pueblo santafesino;123;
1928;Serodino;"1928: Conexión a la red nacional. Serodino se destaca por ser pionero en la región en contar con este servicio.
Cita: ""Serodino fué una de las primeras poblaciones de la zona que contó con servicio telefónico, conectado a la red nacional de este medio. Se instaló en el año 1928, en la misma casa que hoy ocupa en calle Las Heras entre Urquiza y Gral. López""";Huellas del transporte y las comunicaciones;Serodino. Un pueblo santafesino;125;
1920;Serodino;"Década de 1920: Primeros experimentos y receptores.
Cita: ""Cuando la radiotelefonía era sólo un anuncio de posibilidades, década del año veinte, Diego ya experimentaba con otros amigos y tenía uno de los primeros receptores del Pueblo""";Huellas del transporte y las comunicaciones;Serodino. Un pueblo santafesino;50;
1928-1936;Serodino;"Sincronización con el Ferrocarril: El correo dependía estrechamente de los horarios ferroviarios para el intercambio de correspondencia.
Cita: ""Una carta que llegaba de Rosario en el tren de las ocho era contestada por el comerciante en el tren de las 4 de la tarde. La correspondencia llegada de Buenos Aires en el tren de las 2 p.m. era respondida con el de las 4 o con el de las 7""";Huellas del transporte y las comunicaciones;Serodino. Un pueblo santafesino;126;
1888;Serodino;"Primer farol de la localidad. La primera Comisión de Fomento adquiere un farol para iluminación estratégica.
Cita: ""En el año 1888 fue designada la primera Comisión de Fomento de la naciente población, uno de cuyos miembros, el tesorero Antenor Videla, tuvo la ocurrencia, a título alegórico, de comprar un farol y colocarlo en la esquina más estratégica""";Huellas de la energía;Serodino. Un pueblo santafesino;99;
1891;Serodino;"Inicio formal del alumbrado público. Se decide la compra e instalación de faroles para el servicio del pueblo.
Cita: ""...el 8/11/1891 se decide la compra de un farol al señor Antenor Videla para instalarlo en sitio adecuado, hecho que marca el comienzo del alumbrado público, siendo Serodino una de las primeras poblaciones surgidas en tiempos coincidentes que contó con este importante servicio""";Huellas de la energía;Serodino. Un pueblo santafesino;71;
1910;Serodino;"Contrato de suministro eléctrico. Firma del primer contrato para el abastecimiento de energía.
Cita: ""El 20/10/1910 se celebra un contrato con la Empresa Luz Eléctrica, establecida en el kilómetro 381 del Río Carcarañá, para el suministro de energía eléctrica a la población, tanto para uso público como privado...""";Huellas de la energía;Serodino. Un pueblo santafesino;73;
1912;Serodino;"Inauguración del servicio de luz eléctrica. Comienza la prestación con una estación transformadora.
Cita: ""El servicio de luz eléctrica se comienza a prestar en el año 1912 con una estación transformadora a cargo del técnico señor Rossy. El suministro del fluido se hacía desde la usina hidroeléctrica de Lucio V. López...""";Huellas de la energía;Serodino. Un pueblo santafesino;187;
1931;Serodino;"Traspaso a SUDAM. La empresa multinacional se hace cargo del servicio. Cita: ""En el año 1931 la multinacional Compañía Sudamericana de Servicios Públicos (SUDAM), sucesora de los belgas Lange y Rosié, es prestadora del servicio""";Huellas de la energía;Serodino. Un pueblo santafesino;187;
1950;Serodino;La empresa estatal Agua y Energía comienza a hacerse cargo del suministro electrico, todavía proveniente de la usina de Lucio. V. López;Huellas de la energía;Serodino. Un pueblo santafesino;187;
1981;Serodino;Comienza la atención la atención de la Dirección Provincial de la Enegía de Santa Fe. La corriente es provista por línea de alta tensión desde San Lorenzo y distribuida e la localidad por varias subestaciones transformadoras.;Huellas de la energía;Serodino. Un pueblo santafesino;187;
1963-1968;Serodino;"Modernización con vapor de mercurio. Renovación de la tecnología de iluminación urbana.
Cita: ""Se inaugura el primer tramo de iluminación a vapor de mercurio en el tramo de calle España..."" (1963)
 y ""El 26/11/1969 se cursa nota a las instituciones... sobre 'Electrificación Rural' y el 12/5/1968 se realizará una reunión... concluyendo en todos los detalles la obra de iluminación a vapor de Mercurio""";Huellas de la energía;Serodino. Un pueblo santafesino;83, 85;
1895;Serodino;"Incorporación de trilladoras. La firma Bonifatti Hnos. introduce maquinaria de gran escala para el agro.
Cita: ""BONIFATTI HNOS: Firma fundada en 1895 por don José Bonifatti... casa cerealista, con máquina trilladora, etc. y camiones para el traslado de cereales""";Huellas de la energía;Serodino. Un pueblo santafesino;49;
1904-1911;Serodino;"Fabricación y reparación de molinos de viento. Durante este periodo, la herrería local atendía estas infraestructuras vitales para la energía eólica.
Cita: ""En época de la administración comunal de don Juan Cutura (1911)... se ponían en condiciones los molinos de viento, se construían y reparaban los elásticos de los vehículos, etc.""";Huellas de la energía;Serodino. Un pueblo santafesino;53;
1920-1930;Serodino;"Uso de tractores en el ferrocarril. Se registra el uso de fuerza motriz mecánica para maniobras en la estación.
Cita: ""...con el auxilio de un tractor (algún viejo y forzudo 'Fordson') que se enganchaba delante de los mismos y tiraba desplazándose sobre los durmientes... Hablamos de la década de 1920 y 1930""";Huellas de la energía;Serodino. Un pueblo santafesino;45;
1951;Serodino;"Generación de vapor en la industria. Instalación de calderas en la fábrica Inquiarse S.A.
Cita: ""...quiso probar el funcionamiento de una caldera destinada a generar vapor, una de cuyas cañerías tenía desperfectos, con tan mala fortuna que el técnico sufrió quemaduras de tal gravedad que le ocasionaron la muerte""";Huellas de la energía;Serodino. Un pueblo santafesino;59, 131;
1888;Serodino;"Creación de la Escuela N° 257. Es la primera escuela primaria de la localidad.
Cita: ""En ese año , a su solicitud, se crea la Escuela Nº 257 'Gral. José de San Martín'"".";Huellas de la infraestructura y las  instituciones;Serodino. Un pueblo santafesino;13;
1914;Serodino;"Creación de la Escuela N° 258. Se funda por nota el 8 de febrero y comienza a funcionar en una casa alquilada.
Cita: ""Escuela Nº 258 'Domingo Faustino Sarmiento'. Fecha de creación: 8/2/14... Dicha escuela comenzó a funcionar en la casa del Sr. Pablo Giampaoli quien la alquiló por cuarenta pesos mensuales"".";Huellas de la infraestructura y las  instituciones;Serodino. Un pueblo santafesino;171;
1925;Serodino;"Creación de la Escuela N° 227. Institución rural ubicada en el campo de Raffo.
Cita: ""Esta escuela, de jurisdicción nacional, fue creada el 25 de febrero de 1925 y funcionaba en un local bajo la dirección del señor Severo Farías..."".";Huellas de la infraestructura y las  instituciones;Serodino. Un pueblo santafesino;176;
1936;Serodino;"Funcionamiento de la Escuela N° 264. Ubicada en Campo Stangaferro.
Cita: ""Desarrolla su función educativa desde el año 1936. Depende de la escuela 'Domingo F. Sarmiento' Nº 258 de Serodino..."".";Huellas de la infraestructura y las  instituciones;Serodino. Un pueblo santafesino;175;
1958;Serodino;"Escuela de Comercio N° 9. Hito de la educación secundaria; inauguración oficial y posterior edificio propio.
Cita: ""La escuela se inauguró oficialmente el día 15 de marzo de 1958... El día 29 de marzo de 1960... se procedió a la inauguración, entregando oficialmente el edificio al gobierno provincial"".";Huellas de la infraestructura y las  instituciones;Serodino. Un pueblo santafesino;180;
1962;Serodino;"Fundación de la Escuela Parroquial N° 171.
Cita: ""Escuela Parroquial Nº 171 'San José'... Año de fundación: 1962"".";Huellas de la infraestructura y las  instituciones;Serodino. Un pueblo santafesino;173;
1915;Serodino;"Fundación del Club Atlético Belgrano. Nacido de la fusión de dos clubes previos.
Cita: ""Al fundarse el Club Belgrano en el año 1915 este torero figura entre los fundadores de la institución..."".";Huellas de la infraestructura y las  instituciones;Serodino. Un pueblo santafesino;131 y 149;
1933;Serodino;"Fundación del Club Atlético Boca Juniors.
Cita: ""El Club Atlético Boca Juniors fue fundado el 1 de julio de 1933...""";Huellas de la infraestructura y las  instituciones;Serodino. Un pueblo santafesino;155;
1935;Serodino;"Construcción de la pileta de natación (C.A. Belgrano).
Cita: ""La pileta de natación se inaugura el 20 de enero de 1935 y la portada""";Huellas de la infraestructura y las  instituciones;Serodino. Un pueblo santafesino;151;
1983;Serodino;"Edificio propio para la Mutual del C.A. Belgrano.
Cita: ""En el año 1983, se compra en remate judicial una casa antigua con un lote de terreno muy amplio sobre el Bv. San Martín, el que se destinaría a nuestro edificio propio""";Huellas de la infraestructura y las  instituciones;Serodino. Un pueblo santafesino;153-154;
1889;Serodino;"Creación de la primera banda de música. La Sociedad ""El Sol Argentino"" recibe apoyo para la compra de instrumentos.
Cita: ""El 20/12/1889 se acuerda a la Sociedad 'El Sol Argentino' una subvención para la adquisición de instrumentos para la formación de una banda de música en la localidad, sin duda una de las primeras manifestaciones del orden cultural que registra la incipiente vida de la población""";Huellas de la identidad y la celebración;Serodino. Un pueblo santafesino;70;
1920;Serodino;"Los ""Soles de Mayo"". Conciertos públicos que amenizaban las reuniones sociales.
Cita: ""Las reuniones de ensayo se hacían en los años 30... amenizaba muchas reuniones públicas y sus conciertos solazaron durante varios años a los vecinos y se llamaba entonces 'Soles de Mayo'""";Huellas de la identidad y la celebración;Serodino. Un pueblo santafesino;128;
1912-1920;Serodino;"Corridas de toros. Eventos taurinos organizados frente a la estación ferroviaria.
Cita: ""En el año 1912, poco más o menos, llegó a Serodino un español... se trata de ANTONIO SOLIS... se organizaron corridas de toros más o menos auténticas que se hacían en un terreno frente al ferrocarril""";Huellas de la identidad y la celebración;Serodino. Un pueblo santafesino;131;
1921;Serodino;"Inicio de las veladas teatrales. Representaciones artísticas de alumnos y aficionados locales.
Cita: ""Recuerdan algunos que una de las primeras veladas teatrales se realizó en el Cine Belgrano, en el año 1921, con intervención de los alumnos de la escuela particular de Bomben y Tartaletti... entre los 'artistas' figuraban Domingo Scietto, Raúl Coletto, Diego Franceschini, Víctor Pazzi y otros""";Huellas de la identidad y la celebración;Serodino. Un pueblo santafesino;144;
1930;Serodino;"Corsos de Carnaval. Participación de jóvenes en eventos humorísticos y culturales.
Cita: ""...durante un carnaval llevaron a la práctica cuando los jóvenes Bollero y Luppo se pasearon por el corso vestidos de levita, galera y bastón ostentando en sus espaldas sendas leyendas que decían 'El Imparcial'""";Huellas de la identidad y la celebración;Serodino. Un pueblo santafesino;142;
1934;Serodino;"1934: Fundación de la Agrupación ""Estudios"". Grupo dedicado a la difusión de corrientes literarias y conferencias.
Cita: ""...constituida en el año 1934 por un grupo de libre pensadores, encabezados por el señor Juan Saldivia... aparentemente quisieron traer al ambiente serodinense las nuevas corrientes liberales que se insinuaban en la literatura""
";Huellas de la identidad y la celebración;Serodino. Un pueblo santafesino;129;
1986;Serodino;"Celebración del Centenario. Evento cumbre que motivó la publicación del libro histórico.
Cita: ""En momentos en que los serodinenses nos aprestamos para celebrar jubilosamente el primer centenario de la fundación de nuestro pueblo...""";Huellas de la identidad y la celebración;Serodino. Un pueblo santafesino;68;
1912;Serodino;"Influencia del Grito de Alcorta. El Dr. Francisco Netri incluyó a los colonos de Serodino en sus discursos sobre la reivindicación agraria.
Cita: ""El Dr. Francisco Netri, líder y mártir de la causa agraria, fundador de la F.A.A. en agosto de 1912, en uno de sus discursos tiene un recuerdo para los colonos de Serodino...""";Huellas del trabajo;Serodino. Un pueblo santafesino;166-167;
1932;Serodino;"Reflotamiento de la Federación Agraria (Sección Serodino). Surge como respuesta a la necesidad de los trabajadores del agro de organizarse ante la crisis.
Cita: ""En el año 1932 un grupo de asociados encabezados por don José Píccolo y con el concurso de... reflotaron la Sección. En apoyo de la prédica gremial circulaba profusamente en ese tiempo el diario 'La Tierra' llevando a las chacras el aliento de la organización""";Huellas del trabajo;Serodino. Un pueblo santafesino;166-167;
1948;Serodino;"Fundación de la Cooperativa Agrícola Ganadera. Hito en la comercialización conjunta de la producción local.
Cita: ""La Cooperativa Agrícola Ganadera de Serodino Limitada, es fundada el 16 de octubre de 1948, aunando sus esfuerzos y economía, en busca de la nunca encontrada reivindicación agropecuaria..."".";Huellas del trabajo;Serodino. Un pueblo santafesino;158-169;
1964;Serodino;"Solicitud de sede para el Sindicato de Obreros Rurales. Reconocimiento de la organización sindical de estibadores y trabajadores del campo.
Cita: ""...el 3/12/1964 se entrega en préstamo y de acuerdo a lo establecido en expediente M. 150.519, al Sindicato de Obreros Rurales y Estibadores, un lote de terreno expropiado, por el término de 15 años... para la construcción de su local"".";Huellas del trabajo;Serodino. Un pueblo santafesino;84-85;
1895;Serodino;"Expansión comercial y de servicios agrícolas. Fundación de la firma Bonifatti Hnos.
Cita: ""Firma fundada en 1895 por don José Bonifatti... casa cerealista, con máquina trilladora, etc. y camiones para el traslado de cereales"".";Huellas del trabajo;Serodino. Un pueblo santafesino;48-49;
1943;Serodino;"Primera partida de aceite industrial. Comienzo de la actividad en Serodino Industrial S.A., empleando a decenas de trabajadores.
Cita: ""...el establecimiento, en noviembre de 1943 produjo su primera partida de aceite. El 1er. ejercicio dió utilidad... Habría dado trabajo a hasta 45 personas y estimulado las actividades colaterales que este tipo de implantación promueve..."".";Huellas del trabajo;Serodino. Un pueblo santafesino;58-59;
1949-1951;Serodino;"Desarrollo y auge de Inquiarse S.A. Empresa dedicada a la producción de alcohol, butanol y acetona a partir de la semilla de mijo.
Cita: ""...iniciativa constituyéndose para ello una sociedad formada en 1949 que integraron los señores... La fábrica se inició produciendo unas 20 tt. mensuales de los subproductos indicados, consumiendo unas 250 tt. de sorgo, maíz y mijo"".";Huellas del trabajo;Serodino. Un pueblo santafesino;58-59;
1970;Serodino;"Cierre de fuentes de trabajo. El eclipse de industrias como Inquiarse (1968) y Estexa S.A. impactó negativamente en la estabilidad laboral del pueblo.
Cita: ""Las plantas petroquímicas que se instalaron en el país pueden producir esos sub-productos a mucho menor costo... Los repetidos quebrantos determinaron su cierre definitivo en 1968. Otra esperanza fallida para el pueblo..."".";Huellas del trabajo;Serodino. Un pueblo santafesino;60-61;
1913;Lucio V. López;"Existencia de Jefatura de Correos y Telégrafos
Hito: Para este año, la localidad ya contaba con personal designado para los servicios de comunicación y transporte ferroviario.
Cita textual: ""En 1913, mucho antes de crearse la Comisión de Fomento las características demográficas, sociales y económicas de Lucio V. López, eran las siguientes: población: 300 habitantes; Jefe de la Estación Ferrocarrilera, J. Fortuno; Jefe de Correos y Telégrafos: Fabián Valadie""";Huellas del transporte y las comunicaciones;Reseña histórica de Lucio. V. López;7;
1930;Lucio V. López;"Estafeta Postal Rentada
Hito: Se describe la dependencia administrativa del servicio postal de la zona respecto a la ciudad de Rosario.
Cita textual: ""Cabe consignar que los servicios postales los prestaba una estafeta rentada, dependiente del Distrito 15º Postal Rosario""";Huellas del transporte y las comunicaciones;Reseña histórica de Lucio. V. López;15;
1932;Lucio V. López;"Identificación de la encargada del Correo
Hito: Se menciona el nombre de la persona a cargo de la estafeta de correos durante la integración de las fuerzas vivas y autoridades del pueblo en ese año.
Cita textual: ""En 1932 la Comisión de Fomento estaba integrada por Miguel Sullivan, interventor, y José Medina, secretario... la estafeta de correos se llamaba Juana Lilia Tomás Almirón""";Huellas de la infraestructura y las  instituciones;Reseña histórica de Lucio. V. López;15;
1895;Lucio V. López;"Instalación del Molino Harinero Hidráulico
Hito: Se instala el primer establecimiento industrial que aprovechaba la fuerza del río. Fue uno de los dos únicos molinos hidráulicos de la provincia en su época.";Huellas de la energía;Reseña histórica de Lucio. V. López;7;
1985-1900;Lucio V. López;"Contexto General (fines del XIX): Molinos a vapor y tecnología de cilindros
Hito: En la provincia coexistían molinos a vapor con los hidráulicos; el de Lucio V. López incorporó tecnología avanzada de cilindros.
Cita textual: ""...en la provincia funcionaban 72 molinos a vapor... Había entonces dos molinos hidráulicos. Uno de ellos era justamente el instalado por José Rossié sobre el Carcarañá, habiendo construído a tales efectos los pilares sobre el cual giraba la correspondiente turbina que luego producía energía eléctrica... utilizó en su establecimiento molinero el sistema de cilindros";Huellas de la energía;Reseña histórica de Lucio. V. López;21;
1913;Lucio V. López;"Funcionamiento de la empresa de Luz Eléctrica
Hito: Ya existía una sociedad comercial dedicada al suministro eléctrico en el pueblo.
Cita textual: ""En el año 1913 ya venía funcionando la empresa: Luz Eléctrica en el kilómetro 381, perteneciente a la Sociedad Rossié y Blotta""";Huellas de la energía;Reseña histórica de Lucio. V. López;7;
1927;Lucio V. López;"Proyecto de Usina Hidroeléctrica y tendido de red
Hito: Propuesta formal para dar luz al pueblo usando la fuerza del río e inicio de la colocación de postes.
Cita textual: ""El 11 de octubre de 1927 el vecino Pedro Rossié, se dirige a la Comisión de Fomento... para exponer sobre sus intenciones de proporcionar luz eléctrica al pueblo... mediante la utilización de los elementos instalados en la usina hidroeléctrica sobre el Río Carcarañá... a partir del 3 de noviembre de 1927 comenzó la instalación de cables y postes""";Huellas de la energía;Reseña histórica de Lucio. V. López;4;
1929;Lucio V. López;"Compra de maquinaria vial
Hito: Adquisición de la primera máquina para el mantenimiento de caminos.
Cita textual: ""...compraron la primera máquina Champion para el arreglo de caminos... el 14 de marzo de 1929""";Huellas de la energía;Reseña histórica de Lucio. V. López;19;
1929;Lucio V. López;"Transferencia del servicio eléctrico
Hito: La explotación del servicio pasa de manos privadas locales a una empresa de capitales extranjeros.
Cita textual: ""A partir de mil novecientos veintinueve, Pedro Rossié dejó de prestar el servicio de energía eléctrica... El contrato fue transferido en ese mismo año a la Empresa Sudamericana de Servicios Públicos""";Huellas de la energía;Reseña histórica de Lucio. V. López;4;
1962;Lucio V. López;"Destrucción de la infraestructura hidroeléctrica. Hito: Una gran creciente destruye las instalaciones que generaban energía en el río.
Cita textual: ""...en 1962 se produjo una gran creciente de las aguas del Carcaraña... las instalaciones fueron destruidas... quedando solo algunos pilares que sirvieron de sostén a los elementos hidroeléctricos mediante los cuales durante muchos años produjeron fluido eléctrico""";Huellas de la energía;Reseña histórica de Lucio. V. López;9;
1891;Lucio V. López;"Donación de terrenos para escuelas
Hito: Al aprobarse la traza del pueblo Froilán Palacios (origen de la actual localidad), los propietarios realizaron la donación de tierras destinadas a edificios públicos, incluyendo establecimientos educativos.
Cita textual: ""...los propietarios del pueblo hicieron las donaciones correspondientes de terrenos para, escuelas, lazareto, cementerio, comuna, juzgado de paz y otros establecimientos públicos""";Huellas de la infraestructura y las  instituciones;Reseña histórica de Lucio. V. López;1;
1913;Lucio V. López;"Funcionamiento de la Escuela Fiscal
Hito: Para este año, el pueblo ya contaba con una estructura educativa formal y personal directivo asignado.
Cita textual: ""En 1913... las características demográficas, sociales y económicas de Lucio V. López, eran las siguientes... ESCUELA FISCAL: DIRECTOR, LEONIDAS SASSI""";Huellas de la infraestructura y las  instituciones;Reseña histórica de Lucio. V. López;7;
1932;Lucio V. López;"Consolidación de instituciones educativas y sociales. Cita textual sobre escuelas: ""ESCUELAS: ESCUELA FISCAL NRO. 20, CUYA DIRECCIÓN ESTABA A CARGO DE ISAAC ZENNYKOYCHTZ. ESCUELA NACIONAL NRO. 204, BAJO LA DIRECCIÓN DE PALMIRA B. SORIA. ESCUELA NACIONAL NRO. 309, DIRIGIDA POR MARGARITA BARRUQUET. ESCUELA NACIONAL NRO. 310, ESTANDO LA DIRECCIÓN A CARGO DE ANA ANGELICA AGUERO""
Hito: Se registra el funcionamiento de cuatro escuelas (una fiscal y tres nacionales) y dos clubes deportivos que conformaban el mapa social y de infraestructura del pueblo.
Cita textual sobre clubes: ""CLUBES Y SOCIEDADES: CLUB ATLETICO 'CAMPO BRIGNOLI' Y CLUB ATLETICO 43, CUYA PRESIDENCIA EJERCIA E. ALOTTI""
";Huellas de la infraestructura y las  instituciones;Reseña histórica de Lucio. V. López;15-16;
1913;Lucio V. López;"Diversificación de oficios y actividades comerciales
Hito: Registro detallado de la fuerza laboral y comercial del pueblo antes de la creación de la Comisión de Fomento.
Cita textual: ""En 1913... las características demográficas, sociales y económicas de Lucio V. López, eran las siguientes... Herrerías: Joaquín Sarramona... Corrales de fierro y maderas: Blotta Hnos... Acopiadores de frutos del país: Blotta Hnos... Molinos harineros: Rossié y Blotta"".";Huellas del trabajo;Reseña histórica de Lucio. V. López;7;
1929-1930;Lucio V. López;"Conflicto por servicios públicos de capital extranjero
Hito: Transferencia del servicio eléctrico a una empresa extranjera, lo que derivó en tensiones económicas por las tarifas aplicadas a los usuarios locales.
Cita textual: ""...a partir de entonces y hasta que los servicios de electricidad fueron por exclusiva cuenta del Gobierno Argentino, el negocio del fluido eléctrico en Lucio V. López, estuvo a cargo de la citada empresa de capitales no nacionales la que, en muchas ocasiones, aplicó conceptos leoninos en contra de los intereses de los usuarios"".";Huellas de la energía;Reseña histórica de Lucio. V. López;9;
1932;Lucio V. López;"Mapa productivo e industrial detallado
Hito: Censo de la actividad económica que muestra una fuerte especialización en lechería, fabricación de quesos e incluso pólvora.
Cita textual: ""El espectro comercial, industrial y agrícola ganadero estaba integrado de la siguiente manera: ...Cinco fábricas de queso propiedad de: Valano Campo, Cesari Hnos., Loinaz Hnos., José M. Spinaz y Barella Adhetti Hnos... Funcionaban en Lucio V. López, dos fábricas de máquinas de pólvora y de fuegos de artificio... Funcionaban las siguientes lecherías: Miguel Aruti, Deodato y Loinaz..."".";Huellas del trabajo;Reseña histórica de Lucio. V. López;16;
;;;;;;
;;;;;;
;;;;;;
;;;;;;
;;;;;;
;;;;;;
;;;;;;
;;;;;;
;;;;;;
;;;;;;
;;;;;;
;;;;;;
;;;;;;
;;;;;;
;;;;;;
;;;;;;
;;;;;;
;;;;;;
;;;;;;
;;;;;;
;;;;;;
;;;;;;
;;;;;;
;;;;;;
;;;;;;
;;;;;;
;;;;;;
;;;;;;
;;;;;;
;;;;;;
;;;;;;
;;;;;;
;;;;;;
;;;;;;
;;;;;;
;;;;;;
;;;;;;
;;;;;;
;;;;;;
;;;;;;
;;;;;;
;;;;;;
;;;;;;
;;;;;;
;;;;;;
;;;;;;
;;;;;;
;;;;;;
;;;;;;
;;;;;;
;;;;;;
;;;;;;
;;;;;;
;;;;;;
;;;;;;
;;;;;;
;;;;;;
;;;;;;
;;;;;;
;;;;;;
;;;;;;
;;;;;;
;;;;;;
;;;;;;
;;;;;;
;;;;;;
;;;;;;
;;;;;;
;;;;;;
;;;;;;
;;;;;;
;;;;;;
;;;;;;
;;;;;;
;;;;;;
;;;;;;
;;;;;;
;;;;;;
;;;;;;
;;;;;;
;;;;;;
;;;;;;
;;;;;;
;;;;;;
;;;;;;
;;;;;;
;;;;;;
;;;;;;
;;;;;;
;;;;;;
;;;;;;
;;;;;;
;;;;;;
;;;;;;
;;;;;;
;;;;;;
;;;;;;
;;;;;;
;;;;;;
;;;;;;
;;;;;;
;;;;;;
;;;;;;
;;;;;;
;;;;;;
;;;;;;
;;;;;;
;;;;;;
;;;;;;
;;;;;;
;;;;;;
;;;;;;
;;;;;;
;;;;;;
;;;;;;
;;;;;;
;;;;;;
;;;;;;
;;;;;;
;;;;;;
;;;;;;
;;;;;;
;;;;;;
;;;;;;
;;;;;;
;;;;;;
;;;;;;
;;;;;;
;;;;;;
;;;;;;
;;;;;;
;;;;;;
;;;;;;
;;;;;;
;;;;;;
;;;;;;
;;;;;;
;;;;;;
;;;;;;
;;;;;;
;;;;;;
;;;;;;
;;;;;;
;;;;;;
;;;;;;
;;;;;;
;;;;;;
;;;;;;
;;;;;;
;;;;;;
;;;;;;
;;;;;;
;;;;;;
;;;;;;
;;;;;;
;;;;;;
;;;;;;
;;;;;;
;;;;;;
;;;;;;
;;;;;;
;;;;;;
;;;;;;
;;;;;;
;;;;;;
;;;;;;
;;;;;;
;;;;;;
;;;;;;
;;;;;;
;;;;;;
;;;;;;
;;;;;;
;;;;;;
;;;;;;
;;;;;;
;;;;;;
;;;;;;
;;;;;;
;;;;;;
;;;;;;
;;;;;;
;;;;;;
;;;;;;
;;;;;;
;;;;;;
;;;;;;
;;;;;;
;;;;;;
;;;;;;
;;;;;;
;;;;;;
;;;;;;
;;;;;;
;;;;;;
;;;;;;
;;;;;;
;;;;;;
;;;;;;
;;;;;;
;;;;;;
;;;;;;
;;;;;;
;;;;;;
;;;;;;
;;;;;;
;;;;;;
;;;;;;
;;;;;;
;;;;;;
;;;;;;
;;;;;;
;;;;;;
;;;;;;
;;;;;;
;;;;;;
;;;;;;
;;;;;;
;;;;;;
;;;;;;
;;;;;;
;;;;;;
;;;;;;
;;;;;;
;;;;;;
;;;;;;
;;;;;;
;;;;;;
;;;;;;
;;;;;;
;;;;;;
;;;;;;
;;;;;;
;;;;;;
;;;;;;
;;;;;;
;;;;;;
;;;;;;
;;;;;;
;;;;;;
;;;;;;
;;;;;;
;;;;;;
;;;;;;
;;;;;;
;;;;;;
;;;;;;
;;;;;;
;;;;;;
;;;;;;
;;;;;;
;;;;;;
;;;;;;
;;;;;;
;;;;;;
;;;;;;
;;;;;;
;;;;;;
;;;;;;
;;;;;;
;;;;;;
;;;;;;
;;;;;;
;;;;;;
;;;;;;
;;;;;;
;;;;;;
;;;;;;
;;;;;;
;;;;;;
;;;;;;
;;;;;;
;;;;;;
;;;;;;
;;;;;;
;;;;;;
;;;;;;
;;;;;;
;;;;;;
;;;;;;
;;;;;;
;;;;;;
;;;;;;
;;;;;;
;;;;;;
;;;;;;
;;;;;;
;;;;;;
;;;;;;
;;;;;;
;;;;;;
;;;;;;
;;;;;;
;;;;;;
;;;;;;
;;;;;;
;;;;;;
;;;;;;
;;;;;;
;;;;;;
;;;;;;
;;;;;;
;;;;;;
;;;;;;
;;;;;;
;;;;;;
;;;;;;
;;;;;;
;;;;;;
;;;;;;
;;;;;;
;;;;;;
;;;;;;
;;;;;;
;;;;;;
;;;;;;
;;;;;;
;;;;;;
;;;;;;
;;;;;;
;;;;;;
;;;;;;
;;;;;;
;;;;;;
;;;;;;
;;;;;;
;;;;;;
;;;;;;
;;;;;;
;;;;;;
;;;;;;
;;;;;;
;;;;;;
;;;;;;
;;;;;;
;;;;;;
;;;;;;
;;;;;;
;;;;;;
;;;;;;
;;;;;;
;;;;;;
;;;;;;
;;;;;;
;;;;;;
;;;;;;
;;;;;;
;;;;;;
;;;;;;
;;;;;;
;;;;;;
;;;;;;
;;;;;;
;;;;;;
;;;;;;
;;;;;;
;;;;;;
;;;;;;
;;;;;;
;;;;;;
;;;;;;
;;;;;;
;;;;;;
;;;;;;
;;;;;;
;;;;;;
;;;;;;
;;;;;;
;;;;;;
;;;;;;
;;;;;;
;;;;;;
;;;;;;
;;;;;;
;;;;;;
;;;;;;
;;;;;;
;;;;;;
;;;;;;
;;;;;;
;;;;;;
;;;;;;
;;;;;;
;;;;;;
;;;;;;
;;;;;;
;;;;;;
;;;;;;
;;;;;;
;;;;;;
;;;;;;
;;;;;;
;;;;;;
;;;;;;
;;;;;;
;;;;;;
;;;;;;
;;;;;;
;;;;;;
;;;;;;
;;;;;;
;;;;;;
;;;;;;
;;;;;;
;;;;;;
;;;;;;
;;;;;;
;;;;;;
;;;;;;
;;;;;;
;;;;;;
;;;;;;
;;;;;;
;;;;;;
;;;;;;
;;;;;;
;;;;;;
;;;;;;
;;;;;;
;;;;;;
;;;;;;
;;;;;;
;;;;;;
;;;;;;
;;;;;;
;;;;;;
;;;;;;
;;;;;;
;;;;;;
;;;;;;
;;;;;;
;;;;;;
;;;;;;
;;;;;;
;;;;;;
;;;;;;
;;;;;;
;;;;;;
;;;;;;
;;;;;;
;;;;;;
;;;;;;
;;;;;;
;;;;;;
;;;;;;
;;;;;;
;;;;;;
;;;;;;
;;;;;;
;;;;;;
;;;;;;
;;;;;;
;;;;;;
;;;;;;
;;;;;;
;;;;;;
;;;;;;
;;;;;;
;;;;;;
;;;;;;
;;;;;;
;;;;;;
;;;;;;
;;;;;;
;;;;;;
;;;;;;
;;;;;;
;;;;;;
;;;;;;
;;;;;;
;;;;;;
;;;;;;
;;;;;;
;;;;;;
;;;;;;
;;;;;;
;;;;;;
;;;;;;
;;;;;;
;;;;;;
;;;;;;
;;;;;;
;;;;;;
;;;;;;
;;;;;;
;;;;;;
;;;;;;
;;;;;;
;;;;;;
;;;;;;
;;;;;;
;;;;;;
;;;;;;
;;;;;;
;;;;;;
;;;;;;
;;;;;;
;;;;;;
;;;;;;
;;;;;;
;;;;;;
;;;;;;
;;;;;;
;;;;;;
;;;;;;
;;;;;;
;;;;;;
;;;;;;
;;;;;;
;;;;;;
;;;;;;
;;;;;;
;;;;;;
;;;;;;
;;;;;;
;;;;;;
;;;;;;
;;;;;;
;;;;;;
;;;;;;
;;;;;;
;;;;;;
;;;;;;
;;;;;;
;;;;;;
;;;;;;
;;;;;;
;;;;;;
;;;;;;
;;;;;;
;;;;;;
;;;;;;
;;;;;;
;;;;;;
;;;;;;
;;;;;;
;;;;;;
;;;;;;
;;;;;;
;;;;;;
;;;;;;
;;;;;;
;;;;;;
;;;;;;
;;;;;;
;;;;;;
;;;;;;
;;;;;;
;;;;;;
;;;;;;
;;;;;;
;;;;;;
;;;;;;
;;;;;;
;;;;;;
;;;;;;
;;;;;;
;;;;;;
;;;;;;
;;;;;;
;;;;;;
;;;;;;
;;;;;;
;;;;;;
;;;;;;
;;;;;;
;;;;;;
;;;;;;
;;;;;;
;;;;;;
;;;;;;
;;;;;;
;;;;;;
;;;;;;
;;;;;;
;;;;;;
;;;;;;
;;;;;;
;;;;;;
;;;;;;
;;;;;;
;;;;;;
;;;;;;
;;;;;;
;;;;;;
;;;;;;
;;;;;;
;;;;;;
;;;;;;
;;;;;;
;;;;;;
;;;;;;
;;;;;;
;;;;;;
;;;;;;
;;;;;;
;;;;;;
;;;;;;
;;;;;;
;;;;;;
;;;;;;
;;;;;;
;;;;;;
;;;;;;
;;;;;;
;;;;;;
;;;;;;
;;;;;;
;;;;;;
;;;;;;
;;;;;;
;;;;;;
;;;;;;
;;;;;;
;;;;;;
;;;;;;
;;;;;;
;;;;;;
;;;;;;
;;;;;;
;;;;;;
;;;;;;
;;;;;;
;;;;;;
;;;;;;
;;;;;;
;;;;;;
;;;;;;
;;;;;;
;;;;;;
;;;;;;
;;;;;;
;;;;;;
;;;;;;
;;;;;;
;;;;;;
;;;;;;
;;;;;;
;;;;;;
;;;;;;
;;;;;;
;;;;;;
;;;;;;
;;;;;;
;;;;;;
;;;;;;
;;;;;;
;;;;;;
;;;;;;
;;;;;;
;;;;;;
;;;;;;
;;;;;;
;;;;;;
;;;;;;
;;;;;;
;;;;;;
;;;;;;
;;;;;;
;;;;;;
;;;;;;
;;;;;;
;;;;;;
;;;;;;
;;;;;;
;;;;;;
;;;;;;
;;;;;;
;;;;;;
;;;;;;
;;;;;;
;;;;;;
;;;;;;
;;;;;;
;;;;;;
;;;;;;
;;;;;;
;;;;;;
;;;;;;
;;;;;;
;;;;;;
;;;;;;
;;;;;;
;;;;;;
;;;;;;
;;;;;;
;;;;;;
;;;;;;
;;;;;;
;;;;;;
;;;;;;
;;;;;;
;;;;;;
;;;;;;
;;;;;;
;;;;;;
;;;;;;
;;;;;;
;;;;;;
;;;;;;
;;;;;;
;;;;;;
;;;;;;
;;;;;;
;;;;;;
;;;;;;
;;;;;;
;;;;;;
;;;;;;
;;;;;;
;;;;;;
;;;;;;
;;;;;;
;;;;;;
;;;;;;
;;;;;;
;;;;;;
;;;;;;
;;;;;;
